link,headline,author,date_published,snippet
https://www.amny.com/education/new-york-city-shsat-exam-to-go-digital-this-fall/,New York City SHSAT exam to go digital this fall,,"January 24, 2025",
https://qns.com/2024/11/stavisky-sees-off-challenge-yiatin-chu/,"Stavisky retains NY Senate District 11 seat, defeating challenger Yiatin Chu in closely watched Queens race",,,
https://www.amny.com/news/mamdani-gifted-and-talented-program-cuomo/,"NYC Mayor’s Race: Mamdani says he would nix part of Gifted and Talented program, a move Cuomo says is ‘destructive’ to education",,"October 2, 2025",
https://qns.com/2025/02/asian-american-republican-club-queens-flushing/,Asian American Republican Club of Queens officially launches in Flushing,,,
https://www.amny.com/news/shsat-prep-expansion-legislation-introduced-by-council-members/,SHSAT prep expansion legislation introduced by NYC council members,,"June 17, 2022",
https://www.amny.com/news/candidates-manhattans-council-district4-primary/,2025 Election: Meet the candidates running Manhattan’s wide-open City Council District 4 primary race,,"May 7, 2025",
https://politicsny.com/2021/05/25/dsaer-salazar-chided-for-proposed-legislation-being-anti-asian/,DSAer Salazar chided for proposed legislation being anti-Asian,,,
https://www.amny.com/news/black-and-latino-students-make-up-9-of-new-york-citys-specialized-high-school-admission-offers-this-year/,Black and Latino students make up 9% of New York City’s specialized high school admission offers this year,,"April 29, 2021",
https://politicsny.com/2021/12/14/next-nyc-schools-chancellor-david-banks-interviewed/,"Next NYC Schools Chancellor David Banks talks with us about specialized schools, year-round education and more",,,
https://www.amny.com/news/advocates-rally-in-queens-to-call-for-continuation-of-specialized-high-school-admissions-test/,Advocates rally in Queens to call for continuation of Specialized High School Admissions Test,,"November 13, 2020",
https://www.amny.com/news/mayor-schools-chancellor-announce-major-changes-to-public-school-admissions-process/,"Mayor, schools chancellor announce major changes to public school admissions process",,"December 18, 2020",
https://www.amny.com/news/nycs-school-algorithms-cement-segregation-this-data-shows-how/,NYC’s school algorithms cement segregation. This data shows how,,"May 27, 2021",
https://www.amny.com/education/one-third-of-discovery-program-offers-go-to-black-and-latino-students/,One third of Discovery program offers go to black and Latino students,,"May 1, 2020",
https://www.amny.com/opinion/op-ed-the-engagement-is-off/,Op-Ed | The engagement is ‘off’,,"June 10, 2020",
https://www.amny.com/education/at-bronx-meeting-carranza-urges-state-lawmakers-to-repeal-shsat-law/,"At Bronx meeting, Carranza urges state lawmakers to repeal SHSAT law",,"November 20, 2019",
https://www.amny.com/news/2021-elections-whos-running-for-the-6th-city-council-district-seat/,2021 Elections: Who’s running for the 6th City Council District seat,,"April 1, 2021",
https://www.amny.com/education/dream-act-teacher-evaluations-and-e-cig-ban-tops-year-in-new-york-education/,"DREAM Act, teacher evaluations and e-cig ban tops year in New York education",,"December 23, 2019",
https://www.amny.com/new-york/queens/queens-parents-blast-carranza-over-school-sex-assault-and-other-woes/,Queens parents blast Carranza over school sex assault and other woes,,"January 17, 2020",
https://www.amny.com/politics/mahn-lawmakers-on-the-move-may-10-2019/,"MAHN Lawmakers On The Move May 10, 2019",,"May 10, 2019",
https://www.amny.com/news/shsat-bill-1-20228079/,Specialized High School Admissions Test would be preserved in new bill,,"August 1, 2018",
https://www.amny.com/news/nyc-high-schools-admissions-1-18950270/,"Specialized high school admissions changing to increase diversity, mayor says",,"June 4, 2018",
