link,headline,author,date_published,snippet
https://brooklyneagle.com/224980/southern-brooklyn-pol-condemns-false-email-about-her-stance-on-the-shsat-2/,Southern Brooklyn pol condemns ‘false’ email about her stance on the SHSAT,,"December 11 |
															Meaghan McGoldrick",BAY RIDGE — A group of southern Brooklyn parents have said their assemblymember is looking to scrap the...
https://brooklyneagle.com/92003/southern-brooklyn-pol-condemns-false-email-about-her-stance-on-the-shsat/,Southern Brooklyn pol condemns ‘false’ email about her stance on the SHSAT,,"December 10 |
															Meaghan McGoldrick","Assemblymember Mathylde Frontus wants to clarify that her views on the controversial test have ""always been nuanced..."
https://brooklyneagle.com/91242/the-shsat-isnt-the-problem-reading-is-opinion/,"The SHSAT isn’t the problem, reading is | Opinion",,"November 11 |
															Colette Coleman","I’m a woman of color, and I do well on tests. I’m not the only one..."
https://brooklyneagle.com/90402/an-estimated-30000-students-will-take-the-shsat-this-weekend-heres-where-the-push-to-eliminate-the-exam-stands/,30K students will take the SHSAT this weekend. Here’s where the push to eliminate the exam stands.,,"October 24 |
															Meaghan McGoldrick","This weekend, more than 30,000 New York City students are expected to take the Specialized High School..."
https://brooklyneagle.com/222219/shsat-fight-leads-to-talk-of-broader-changes-in-education/,SHSAT fight leads to talk of broader changes in education,,"October 4 |
															Paula Katinas",BOROUGHWIDE — The politically charged battle over Mayor Bill de Blasio’s plan to eliminate the Specialized High...
https://brooklyneagle.com/89366/the-sponsor-of-de-blasios-controversial-shsat-bill-is-backing-a-new-strategy/,The sponsor of de Blasio’s controversial SHSAT bill is backing a new strategy,,"October 2 |
															Reema Amin, Chalkbeat NY",“The sponsor of de Blasio’s controversial SHSAT bill is backing a new strategy” was originally...
https://brooklyneagle.com/221958/schools-chancellor-stands-by-opposition-to-shsat/,Schools chancellor stands by opposition to SHSAT,,"September 30 |
															Meaghan McGoldrick",BOROUGHWIDE — Schools Chancellor Richard Carranza doubled down on his commitment to scrapping the controversial admissions test...
https://brooklyneagle.com/89143/chancellor-stands-by-opposition-to-shsat-promises/,Schools chancellor stands by opposition to SHSAT,,"September 27 |
															Meaghan McGoldrick",Schools Chancellor Richard Carranza doubled down on his commitment to scrapping the controversial admissions test for the city...
https://brooklyneagle.com/221921/southwest-brooklyn-is-epicenter-of-pro-shsat-movement/,Southwest Brooklyn is epicenter of pro-SHSAT movement,,"September 26 |
															Paula Katinas",BOROUGHWIDE — Reaction to the news that Mayor Bill de Blasio is suddenly now open to the idea...
,,,,
https://brooklyneagle.com/89108/as-mayor-pulls-back-from-shsat-plan-brooklyn-pols-call-for-gifted-program-expansion/,"As mayor pulls back from SHSAT plan, Brooklyn pols call for gifted program expansion",,"September 26 |
															Paula Katinas and Meaghan McGoldrick",The news that Mayor Bill de Blasio is suddenly open to the idea of keeping in place the...
https://brooklyneagle.com/85978/whats-next-for-the-shsat-lawmakers-weigh-in/,What’s next for the SHSAT?,,"July 18 |
															Meaghan McGoldrick",Both the school year and the state’s legislative session ended without a decision on the fate...
https://brooklyneagle.com/84734/listen-should-the-shsat-be-eliminated/,LISTEN: Should the SHSAT be eliminated?,,"June 20 |
															By Scott Enman, Paul Frangipane, Lawrence Madsen",Subscribe to Brooklyn this Week: iTunes Spotify Stitcher Black and Latino students make up the majority of the...
https://brooklyneagle.com/84234/brooklyn-today-shsat-vs-mayors-plan-which-is-better/,Brooklyn Today: SHSAT vs. Mayor’s Plan: Which is better?,,"May 14 |
															Brooklyn Eagle",THE LEDE: Good morning! Under the mayor’s plan to move away from the Specialized High School Admissions...
https://brooklyneagle.com/215799/education-coalition-plans-next-step-in-fight-to-save-shsat/,Education coalition plans next step in fight to save SHSAT,,"May 1 |
															Paula Katinas",A coalition of Southwest Brooklyn parents in a fight to save the city’s Specialized High School Admissions...
https://brooklyneagle.com/82270/effort-to-save-the-shsat-gets-deep-pocketed-allies/,Effort to save the SHSAT gets deep-pocketed allies,,"April 23 |
															Reema Amin and Christina Veiga, Chalkbeat NY","The Education Equity Campaign wants to keep the SHSAT, advocating instead for broader access to test prep and..."
https://brooklyneagle.com/81526/majority-of-new-york-city-voters-say-scrap-the-shsat-boost-diversity-at-specialized-high-schools-new-poll-finds/,"Majority of New York City voters say scrap the SHSAT, boost diversity at specialized high schools, new poll finds",,"April 4 |
															Christina Veiga, Chalkbeat New York",A Quinnipiac University poll shows broad support for overhauling admissions for prestigious but stubbornly segregated NYC schools...
https://brooklyneagle.com/213753/public-advocate-candidates-blast-mayors-shsat-plan-2/,Public advocate candidates blast mayor’s SHSAT plan,,"February 15 |
															Paula Katinas",Several of the candidates running in the special election for New York City public advocate criticized Mayor Bill...
https://brooklyneagle.com/79683/public-advocate-candidates-blast-mayors-shsat-plan/,Public advocate candidates blast mayor’s SHSAT plan,,"February 15 |
															By Paula Katinas								Brooklyn Daily Eagle",Three of the candidates running in the special election for New York City public advocate criticized Mayor Bill...
,,,,
https://brooklyneagle.com/204863/tensions-rise-town-hall-sunset-controversial-shsat-plan/,Tensions rise during town hall in Sunset over controversial SHSAT plan,,"June 14 |
															Jaime DeJesus",Tensions were high in Sunset Park as New York City Schools Chancellor Richard Carranza attended a District 15...
https://brooklyneagle.com/70022/shsat-hits-the-fan-asians-call-nyc-chancellors-specialized-high-school-remarks-divisive-disrespectful/,"SHSAT hits the fan: Asians call NYC Chancellor’s Specialized High School remarks divisive, disrespectful",,"June 11 |
															By Mary Frost								Brooklyn Daily Eagle",Criticism is mounting over Mayor Bill de Blasio’s plan to increase the number of black and Hispanic...
https://brooklyneagle.com/317613/as-south-brooklyns-first-asian-american-elected-official-heres-why-i-support-andrew-cuomo-for-mayor/,"Review & Comment: As South Brooklyn’s first Asian American elected official, here’s why I support Andrew Cuomo for mayor",,"May 31 |
															Council Member Susan Zhuang","As the first Asian American elected to represent South Brooklyn, Susan Zhuang supports Andrew Cuomo for mayor..."
https://brooklyneagle.com/292241/councilmember-zhuang-praises-community-shsat-action/,Councilmember Zhuang praises community action in getting computerized school admissions test approved,,"December 19 |
															Brooklyn Eagle Staff","THE SHSAT will be administered next year as a computer-based exam, the Panel for Educational Policy voted..."
https://brooklyneagle.com/291306/colton-demands-immediate-approval-of-pearson-testing-contract/,"Colton demands immediate approval of Pearson testing contract, as some groups await public hearings on matter",,"December 13 |
															Brooklyn Eagle Staff","ASSEMBLYMEMBER WILLIAM COLTON (D-47) on Friday, Dec. 13, demanded immediate approval of an SHSAT contract with testing..."
https://brooklyneagle.com/291303/asian-community-leaders-demand-approval-of-new-shsat-contract/,Leaders in Asian community demand approval of new Specialized High School Admissions Test contract,,"December 13 |
															Brooklyn Eagle Staff","A PENDING CONTRACT TO ADMINISTER THE SHSAT in digital format must be approved immediately, said a bipartisan group..."
https://brooklyneagle.com/289058/plan-to-computerize-admission-test-to-specialized-schools-meets-pushback-on-price-tag-equity-issues/,"Plan to computerize admission test to specialized schools meets pushback on price tag, equity issues",,"November 25 |
															Brooklyn Eagle Staff",The push to computerize the admissions test for the city’s specialized high schools has revived a debate...
https://brooklyneagle.com/285489/city-mulls-taking-specialized-high-school-test-digital/,City mulls taking Specialized High School test digital,,"October 22 |
															Brooklyn Eagle Staff","THE CITY IS considering digitizing the Specialized High School Admission Test, the high-stakes annual exam that grants..."
https://brooklyneagle.com/253393/whats-news-breaking-wednesday-august-30-2023/,"What’s News, Breaking: Wednesday, August 30, 2023",,"August 30 |
															Brooklyn Eagle Staff","SPEAKING WITH HURRICANE-STRICKEN STATE GOVERNORS, PRESIDENT BIDEN DIRECTS STORM-RESPONSE SUPPORT WASHINGTON DC AND SOUTHEASTERN U.S..."
,,,,
https://brooklyneagle.com/253319/whats-news-breaking-tuesday-august-29-2023/,"What’s News, Breaking: Tuesday, August 29, 2023",,"August 29 |
															Brooklyn Eagle Staff",CORRECTION BROOKLYN IRAQ WAR VETERAN TO ADDRESS FT. HAMILTON ARMY BASE’S 9/11 REMEMBRANCE CEREMONY FORT HAMILTON...
https://brooklyneagle.com/131158/applying-to-nyc-high-school-heres-what-you-need-to-know/,Applying to NYC high school? Here’s what you need to know.,,"October 23 |
															Amy Zimmer, Chalkbeat New York",It’s not an easy time to be an eighth grader in New York City. Across the five...
https://brooklyneagle.com/126526/with-banks-and-adams-nyc-school-integration-advocates-see-an-uphill-fight/,"With Banks and Adams, NYC school integration advocates see an uphill fight",,"July 25 |
															Christina Veiga, Chalkbeat New York","At a town hall meeting in southeast Queens this spring, a parent leader asked David Banks, the newly..."
https://brooklyneagle.com/116397/chinese-voters-came-out-in-force-for-the-gop-in-nyc-shaking-up-politics/,"Chinese Voters Came Out in Force for the GOP in NYC, Shaking Up Politics",,"November 12 |
															Rong Xiaoqing, Clifford Michel, Suhail Bhat, and Will Welch, THE CITY",This article was originally published on Nov 11 at 7:34pm EST by THE CITY From Sunset Park...
https://brooklyneagle.com/115138/good-morning-brooklyn-tuesday-october-12-2021/,"Good Morning, Brooklyn: Tuesday, October 12, 2021",,"October 12 |
															Brooklyn Eagle Staff","BQE ATLANTIC AVE. EXIT CLOSURE: The BQE Exit 27 ramp to Atlantic Avenue, which gives motorists access to..."
https://brooklyneagle.com/114377/sat-scores-didnt-show-what-i-could-achieve-at-brooklyn-tech/,SAT scores didn’t show what I could achieve at Brooklyn Tech,,"September 20 |
															By Richard Zhao, Chalkbeat","The snow was piling up outside the school window, almost as fast as the anxiety building up in..."
https://brooklyneagle.com/110091/around-brooklyn-kathryn-garcia-wants-senior-centers-to-reopen/,Around Brooklyn: Kathryn Garcia wants senior centers to reopen,,"May 14 |
															Brooklyn Eagle Staff","Kathryn Garcia wants senior centers to reopen Former Sanitation Commissioner Kathryn Garcia, a candidate for the Democratic nomination..."
https://brooklyneagle.com/92675/our-best-podcast-episodes-of-2019/,Our 5 best podcast episodes of 2019,,"December 26 |
															Brooklyn Eagle Podcast",Some of our most popular episodes this year...
https://brooklyneagle.com/92370/brooklyn-today-rich-pta-poor-pta-a-tale-of-two-cities/,"Brooklyn Today: Rich PTA, poor PTA: A tale of two cities",,"December 11 |
															Brooklyn Today",THE LEDE: Good morning! Brooklyn’s school districts face a massive discrepancy when it comes to parent-raised...
,,,,
https://brooklyneagle.com/91407/park-slope-mom-heads-parent-driven-fund-for-college-equity/,"After college admissions scandal, Park Slope mom looks to level playing field",,"November 19 |
															Meaghan McGoldrick","On the day Lori Loughlin, Felicity Huffman and a host of other high-profile parents were charged in..."
https://brooklyneagle.com/91281/brooklyn-today-wegmans-spurs-job-growth-at-navy-yard/,Brooklyn Today: Wegmans spurs job growth at Navy Yard,,"November 12 |
															Brooklyn Today","THE LEDE: Good morning! The high-profile opening of the 74,000-square-foot Wegmans supermarket at the..."
https://brooklyneagle.com/91000/brooklyn-today-its-official-artists-are-fleeing-manhattan/,Brooklyn Today: Happy Election Day!,,"November 5 |
															Brooklyn Today",THE LEDE: Good morning! Now that New York finished its first early voting election process — which consisted of...
https://brooklyneagle.com/90801/council-greenlights-new-shsat-task-force/,"To increase diversity at specialized high schools, City Council greenlights new task force",,"November 4 |
															Meaghan McGoldrick",The City Council has authorized the creation of a task force to address racial and ethnic inequities in...
https://brooklyneagle.com/90470/brooklyn-today-the-gun-becomes-a-part-of-your-identity/,Brooklyn Today: ‘The gun becomes a part of your identity.’,,"October 25 |
															Brooklyn Today","THE LEDE: Following a sharp spike in police officer suicides, a new program will provide free and confidential..."
https://brooklyneagle.com/90282/families-frustrated-again-with-online-portal-for-applying-to-schools/,Families frustrated (again) with online portal for applying to schools,,"October 22 |
															Christina Veiga, Chalkbeat NY","“Families frustrated (again) with online portal for applying to schools” was originally published by Chalkbeat, a..."
https://brooklyneagle.com/222241/in-public-service-october-2-2019/,"In Public Service – October 2, 2019",,"October 4 |
															Paula Katinas","Nadler, Velázquez, Maloney call for federal housing money Three Democratic Brooklyn lawmakers, U.S. Reps. Jerrold Nadler..."
https://brooklyneagle.com/89492/brooklyn-today-art-classes-instead-of-court-dates/,Brooklyn Today: Art classes instead of court dates?,,"October 3 |
															Brooklyn Today",THE LEDE: Good Morning! People arrested on low-level misdemeanors in Brooklyn will now have the option to...
https://brooklyneagle.com/89162/brooklyn-today-saying-no-outright-is-unacceptable/,Brooklyn Today: “Saying ‘no’ outright is unacceptable.”,,"September 30 |
															Brooklyn Today",THE LEDE: Happy Monday! Councilmember Carlos Menchaca penned an open letter clarifying his decision to allow Industry City...
,,,,
https://brooklyneagle.com/89118/brooklyn-today-thank-god-we-found-another-way/,Brooklyn Today: ‘Thank God we found another way.’,,"September 27 |
															Brooklyn Today","THE LEDE: Happy Friday! During an emotional, five-hour City Council hearing on high-stakes testing, education advocates..."
https://brooklyneagle.com/88697/has-the-culture-war-come-for-nyc-schools-what-you-should-know-about-that-contentious-atlantic-essay/,Has the ‘culture war’ come for NYC schools? What you should know about that contentious Atlantic essay,,"September 17 |
															Christina Veiga and Alex Zimmerman, Chalkbeat NY",“Has the ‘culture war’ come for NYC schools? What you should know about that contentious Atlantic essay...
https://brooklyneagle.com/88002/your-back-to-school-briefing/,Your back-to-school briefing,,"September 5 |
															Meaghan McGoldrick",School is back in session — and now’s your chance to look back on a summer’...
https://brooklyneagle.com/87916/the-top-10-stories-of-the-summer/,The top 10 stories of the summer,,"September 2 |
															Kelly Mena","It’s the end of summer, and since we love nostalgia as much as the next local..."
https://brooklyneagle.com/220117/push-to-turn-bishop-kearney-into-southern-brooklyns-first-specialized-high-school-2/,Push to turn Bishop Kearney into southern Brooklyn’s first specialized high school,,"August 22 |
															Editorial Staff",BY MEAGHAN MCGOLDRICK AND PAULA KATINAS BENSONHURST — A pair of southern Brooklyn lawmakers are asking the city...
https://brooklyneagle.com/87521/push-to-turn-bishop-kearney-into-southern-brooklyns-first-specialized-high-school/,Push to turn Bishop Kearney into southern Brooklyn’s first specialized high school,,"August 22 |
															Meaghan McGoldrick and Paula Katinas",A pair of southern Brooklyn lawmakers are asking the city to open a new specialized high school in...
https://brooklyneagle.com/87233/city-unveils-new-admissions-process-for-middle-and-high-schools/,City unveils new admissions process for middle and high schools,,"August 15 |
															Meaghan McGoldrick",Mayor Bill de Blasio and Schools Chancellor Richard Carranza joined parents and educators at M.S. 890 in...
https://brooklyneagle.com/86041/brooklyn-today-a-luxury-gym-raises-hell/,Brooklyn Today: A luxury gym raises questions at Atlantic Yards,,"July 19 |
															Brooklyn Eagle","THE LEDE: Happy Friday! An elected official is crying foul about a plan to build a 100,000..."
https://brooklyneagle.com/85007/students-demand-desegregation-after-de-blasio-snubs-deadline/,Students demand desegregation after de Blasio snubs deadline,,"June 26 |
															Meaghan McGoldrick",A group of teens are taking to the floor of City Hall — literally — to call for the desegregation...
,,,,
https://brooklyneagle.com/84768/brooklyn-today-can-fair-fares-draw-more-riders/,Brooklyn Today: Can ‘Fair Fares’ draw more riders?,,"June 20 |
															Brooklyn Eagle",THE LEDE: Good morning! A new report from MIT shows that reducing fares for low-income commuters significantly...
https://brooklyneagle.com/218061/three-brooklyn-lawmakers-want-a-new-less-divisive-schools-chancellor/,"Three Brooklyn lawmakers want a new, less ‘divisive’ schools chancellor",,"June 18 |
															Meaghan McGoldrick",A trio of Brooklyn legislators are a part of a new legislative coalition calling on the mayor to...
https://brooklyneagle.com/84592/three-brooklyn-pols-want-a-new-less-divisive-schools-chancellor/,"Three Brooklyn lawmakers want a new, less ‘divisive’ schools chancellor",,"June 17 |
															Meaghan McGoldrick",A trio of Brooklyn legislators are a part of a new legislative coalition calling on the mayor to...
https://brooklyneagle.com/217566/forum-on-diversity-in-specialized-high-schools-favors-objective-admissions-exam/,Forum on diversity in specialized high schools favors ‘objective’ admissions exam,,"June 11 |
															Meaghan McGoldrick",A Friday night forum on diversity in schools and the fate of the Specialized High School Admissions Test...
https://brooklyneagle.com/84505/brooklyn-today-nycha-tenants-go-3-months-without-gas/,Brooklyn Today: NYCHA tenants go 3 months without gas,,"June 11 |
															Brooklyn Eagle",THE LEDE: Good morning! When roughly 60 families in the Red Hook Houses had their gas turned off...
https://brooklyneagle.com/84283/what-to-know-about-the-diversity-recommendations-de-blasio-just-embraced/,What to know about the diversity recommendations de Blasio just embraced,,"June 11 |
															Alex Zimmerman, Chalkbeat NY",Mayor Bill de Blasio endorsed a series of recommendations offered by the city’s School Diversity Advisory Group...
https://brooklyneagle.com/84206/friday-forum-on-diversity-in-specialized-high-schools-favors-admissions-exam/,Forum on diversity in specialized high schools favors ‘objective’ admissions exam,,"June 10 |
															Meaghan McGoldrick",A Friday night forum on diversity in schools and the fate of the Specialized High School Admissions Test...
https://brooklyneagle.com/84193/brooklyn-teen-pressures-de-blasio-on-school-segregation/,This Brooklyn teen keeps pressing de Blasio on school segregation during his weekly radio appearance,,"June 10 |
															Alex Zimmerman, Chalkbeat NY","Meet Tiffani Torres, a 16-year-old junior at Pace High School in Manhattan — and a thorn in..."
https://brooklyneagle.com/217182/parents-step-up-fight-with-mayor-over-elite-high-school-test-2/,Parents step up fight with mayor over elite high school test,,"June 4 |
															Paula Katinas",Asian-American parents claim their kids are being unfairly targeted by the mayor’s plan Southwest Brooklyn...
,,,,
https://brooklyneagle.com/83901/parents-step-up-fight-with-mayor-over-elite-high-school-test/,Parents step up fight with mayor over elite high school test,,"June 3 |
															Paula Katinas","Southwest Brooklyn’s Asian-American community, up in arms over Mayor Bill de Blasio’s proposal to eliminate..."
https://brooklyneagle.com/83885/whats-happened-in-the-year-since-mayor-bill-de-blasio-called-for-overhauling-nycs-specialized-high-school-admissions/,What’s happened in the year since Mayor Bill de Blasio called for overhauling NYC’s specialized high school admissions,,"June 3 |
															Christina Veiga, Chalkbeat NY","It was a Sunday morning, but the gym at J.H.S. 292 in East New York was..."
https://brooklyneagle.com/83047/how-the-mayors-plan-would-transform-specialized-high-schools/,How the mayor’s plan would transform specialized high schools,,"May 13 |
															Meaghan McGoldrick","Under the mayor’s plan to move away from the Specialized High School Admissions Test, more than triple..."
https://brooklyneagle.com/84045/brooklyn-today-what-to-see-at-the-cherry-blossom-festival/,Brooklyn Today: What to see at the Cherry Blossom Festival,,"April 24 |
															Brooklyn Eagle","THE LEDE: Good morning! When Sunset Park’s Industry City put forward an ambitious 10-year, $1 billion..."
https://brooklyneagle.com/214101/chancellor-defends-plan-to-scrap-elite-school-test-at-bensonhurst-town-hall/,Chancellor defends plan to scrap elite school test at Bensonhurst town hall,,"March 8 |
															Paula Katinas","Audience boos Carranza at P.S. 204 town hall Facing a skeptical — and, at times, a booing — audience..."
https://brooklyneagle.com/80482/chancellor-defends-plan-to-scrap-elite-school-test/,Chancellor defends plan to scrap elite school test,,"March 8 |
															By Paula Katinas","Facing a skeptical — and, at times, a booing — audience, Schools Chancellor Richard Carranza staunchly defended Mayor Bill de..."
https://brooklyneagle.com/80055/sparse-morning-voter-turnout-at-brooklyn-poll-sites/,Sparse morning voter turnout at Brooklyn poll sites,,"February 26 |
															By Brooklyn Eagle Staff",Polls opened at 6 a.m. for today’s special election to decide the city’s next public...
https://brooklyneagle.com/79967/guide-to-public-advocate-special-election-voter-guides/,Guide of guides: Public Advocate special election,,"February 25 |
															Paula Katinas								Brooklyn Daily Eagle",New Yorkers will go to the polls tomorrow to vote in a special election for the new public...
https://brooklyneagle.com/79936/brooklyn-eagle-readers-sound-off-over-fate-of-bqx/,Brooklyn Eagle readers sound off over fate of BQX,,"February 21 |
															Brooklyn Daily Eagle","Brooklyn Daily Eagle editors welcome opinions, both pro and con, on all subjects affecting our daily lives, as..."
,,,,
https://brooklyneagle.com/213267/parents-fight-de-blasio-effort-to-change-elite-school-admissions-2/,Parents fight de Blasio effort to change elite school admissions,,"January 28 |
															Paula Katinas",Parents who are opposed to Mayor Bill de Blasio’s ambitious plans to overhaul the admissions standards in...
https://brooklyneagle.com/78839/parents-fight-de-blasio-effort-to-change-elite-school-admissions/,Parents fight de Blasio effort to change elite school admissions,,"January 28 |
															By Paula Katinas								Brooklyn Daily Eagle",Parents opposed to Mayor Bill de Blasio’s ambitious plans to overhaul admissions standards in the city’s...
https://brooklyneagle.com/73342/to-desegregate-brownstone-brooklyn-middle-schools-high-scores-good-grades-no-longer-a-factor/,"To desegregate Brownstone Brooklyn middle schools, high scores, good grades no longer a factor",,"September 20 |
															By Mary Frost								Brooklyn Daily Eagle",Change is coming to Brooklyn’s District 15 schools. On Thursday at Park Slope’s M.S. 51...
https://brooklyneagle.com/70421/what-our-readers-are-saying-june-21/,What Our Readers Are Saying: June 21,,"June 21 |
																							Brooklyn Daily Eagle","Brooklyn Daily Eagle editors welcome opinions, both pro and con, on all subjects affecting our daily lives, as..."
https://brooklyneagle.com/70386/coalition-forms-to-fight-de-blasio-plan-to-overhaul-elite-schools/,Coalition forms to fight de Blasio plan to overhaul elite schools,,"June 21 |
															By Paula Katinas								Brooklyn Daily Eagle",The Asian-American community in Bensonhurst is growing increasingly concerned about the impact Mayor Bill de Blasio’s...
https://brooklyneagle.com/205077/coalition-forms-fight-de-blasio-plan-overhaul-elite-schools/,Coalition forms to fight de Blasio plan to overhaul elite schools,,"June 19 |
															Paula Katinas",The Asian-American community in Bensonhurst is growing increasingly concerned about the impact Mayor Bill de Blasio’s...
https://brooklyneagle.com/70171/opinion-the-test-is-not-the-problem-with-specialized-high-schools/,OPINION: The test is not the problem with specialized high schools,,"June 14 |
															By Assemblymember Nicole Malliotakis								For the Brooklyn Daily Eagle","Six months into his second term, Mayor Bill de Blasio seems intent on once again creating an issue..."
https://brooklyneagle.com/69970/opinion-citys-plan-to-change-specialized-high-school-admission-standards-exposes-doe-failings/,OPINION: City’s plan to change specialized high school admission standards exposes DOE failings,,"June 8 |
															By Assemblymember William Colton								For Brooklyn Daily Eagle","Parents throughout the city must mobilize against Mayor de Blasio’s plan, backed by the chancellor, to overhaul..."
https://brooklyneagle.com/69793/brooklyn-today-june-5-de-blasio-seeks-to-eliminate-test-for-nycs-elite-specialized-high-schools/,Brooklyn Today June 5: De Blasio Seeks to Eliminate Test for NYC’s Elite Specialized High Schools,,"June 5 |
																							Brooklyn Daily Eagle","Weather, Brooklyn (NWS): Day 77°, Night 59°, Sunny then Showers Likely Send tips to News@BrooklynEagle..."
,,,,
https://brooklyneagle.com/69791/de-blasio-seeks-to-eliminate-high-stakes-test-for-nycs-elite-specialized-high-schools/,De Blasio seeks to eliminate high-stakes test for NYC’s elite specialized high schools,,"June 4 |
															By Mary Frost								Brooklyn Daily Eagle","After years of claims of racial discrimination, Mayor Bill de Blasio on Sunday announced plans to change the..."
https://brooklyneagle.com/32538/report-dont-rush-to-ax-test-for-nyc-specialized-schools/,Report: Don’t rush to ax test for NYC specialized schools,,"March 5 |
																							Associated Press",New York City’s elite specialized high schools have long been praised as bastions of excellence while...
https://brooklyneagle.com/10916/doe-most-students-admitted-to-their-top-nyc-high-school-choices/,DOE: Most students admitted to their top NYC high school choices,,"March 15 |
																							Brooklyn Daily Eagle",The New York City Department of Education (DOE) said on Friday that 84 percent of applicants – or 63...
https://brooklyneagle.com/7392/brooklyn-tech-at-center-of-discrimination-lawsuit/,Brooklyn Tech at center of discrimination lawsuit,,"October 2 |
															By Charisma L. Miller, Esq. 								Brooklyn Daily Eagle","The NAACP Legal Defense Fund (LDF), LatinoJustice PRLDEF and The Center for Law and Social Justice at Medgar..."
https://brooklyneagle.com/7133/nycs-citywide-high-school-fair-next-weekend/,NYC’s Citywide High School Fair next weekend,,"September 24 |
															Brooklyn Eagle Staff",New York City students headed to high school next year should attend the annual Citywide High School Fair...
,,,,
