link,headline,author,date_published,snippet
https://www.chalkbeat.org/newyork/2025/11/13/nycs-digital-shsat-debut-goes-smoothly-for-most-test-takers/,NYC’s digital SHSAT debut goes smoothly for most test takers,,"Nov 13, 2025",Sign up for Chalkbeat New York’s free daily newsletter to get essential news about NYC’s ...
https://www.chalkbeat.org/newyork/2025/07/18/bronx-science-discovery-program-shsat-score-doesnt-define-me/,I am a Discovery student at Bronx Science. My SHSAT score doesn’t define me.,,"Jul 18, 2025",As a student at the Bronx High School of Science who scored below the cutoff ...
https://www.chalkbeat.org/newyork/2025/05/28/mayoral-candidates-discuss-selective-and-specialized-high-school-admissions-shsat/,NYC high school admissions and the SHSAT: Here’s where the mayoral candidates stand,,"May 28, 2025",This is part of a series in which Chalkbeat asked the mayoral candidates questions about ...
https://www.chalkbeat.org/newyork/2025/01/17/what-to-know-for-2025-digital-shsat-specialized-high-school-admissions-test/,Studying for the 2025 SHSAT? Here’s what to know about the new digital test.,,"Jan 17, 2025",Sign up for Chalkbeat New York’s free daily newsletter to get essential news about NYC’s ...
https://www.chalkbeat.org/newyork/2024/11/15/nyc-education-panel-delays-specialized-high-school-admissions-test-vote/,"NYC ed panel delays SHSAT vote, teeing up public debate over admission to specialized high ...",,"Nov 15, 2024",Sign up for Chalkbeat New York’s free daily newsletter to keep up with NYC’s public ...
https://www.chalkbeat.org/newyork/2022/4/4/23003866/shsat-asian-students-specialized-high-school-admissions/,"I wanted to know what my high school peers thought about the SHSAT, so I ...",,"Apr 04, 2022","In June 2018, I began to hear news about then-Mayor Bill de Blasio wanting to ..."
https://www.chalkbeat.org/newyork/2021/11/24/22801113/shsat-middle-school-expansion/,We are NYC principals. Middle schools shouldn’t be forced to offer the SHSAT.,,"Nov 28, 2021","As principals of unscreened public schools with successful student outcomes, we are committed to helping ..."
https://www.chalkbeat.org/newyork/2021/1/20/22241641/nyc-middle-school-administer-shsat-covid/,Next challenge for NYC middle school principals: administering the SHSAT in a pandemic,,"Jan 20, 2021",New York City middle schools will open their doors next week for the first time ...
https://www.chalkbeat.org/newyork/2021/9/16/22676467/shsat-test-discovery-program-brooklyn-tech-specialized-high-schools/,My SHSAT scores didn’t show what I could achieve at Brooklyn Tech,,"Sep 16, 2021","The snow was piling up outside the school window, almost as fast as the anxiety ..."
https://www.chalkbeat.org/newyork/2019/3/7/21107074/in-new-york-legislature-little-apparent-momentum-behind-bills-to-eliminate-the-shsat/,"In New York legislature, little apparent momentum behind bills to eliminate the SHSAT",,"Mar 07, 2019",Debate over the city’s plan to diversify New York City’s most elite high schools hasn’t ...
https://www.chalkbeat.org/newyork/2020/11/24/21625605/coronavirus-end-of-the-shsat/,Will the coronavirus mean the end of the SHSAT? I hope so.,,"Nov 24, 2020","During a public health crisis that has moved city schools online, the Specialized High School ..."
https://www.chalkbeat.org/newyork/2019/10/17/21121787/wealthy-group-of-shsat-backers-are-ready-for-round-two-in-albany/,Wealthy group of SHSAT backers are ready for round two in Albany,,"Oct 17, 2019","The Education Equity Campaign, a well-funded group determined to keep in place the specialized high ..."
https://www.chalkbeat.org/newyork/2018/8/3/21105470/new-york-city-released-its-study-of-the-shsat-here-s-why-it-won-t-end-the-admissions-debate/,New York City released its study of the SHSAT. Here’s why it won’t end the ...,,"Aug 03, 2018",The sole exam that determines admission to New York City’s elite specialized high schools generally ...
https://www.chalkbeat.org/newyork/2018/11/1/21106001/nyc-is-offering-the-shsat-during-school-hours-to-boost-diversity-but-it-s-mostly-benefitting-white-a/,"NYC is offering the SHSAT during school hours to boost diversity, but it’s mostly benefitting ...",,"Nov 01, 2018",Students at dozens of middle schools across the city will take the Specialized High School ...
https://www.chalkbeat.org/new/2019/6/12/21108403/mayor-de-blasio-invites-asian-advocates-to-gracie-mansion-as-shsat-plan-hangs-in-balance-in-albany/,Mayor de Blasio invites Asian advocates to Gracie Mansion as SHSAT plan hangs in balance ...,,"Jun 12, 2019",Mayor Bill de Blasio is convening a meeting with numerous Asian-American organizations at Gracie Mansion ...
https://www.chalkbeat.org/newyork/2019/6/13/21108335/shsat-debate-heats-up-with-close-door-meeting-at-gracie-mansion-and-an-endorsement-in-albany/,SHSAT debate heats up with close-door meeting at Gracie Mansion — and an endorsement in ...,,"Jun 13, 2019",Mayor Bill de Blasio and Chancellor Richard Carranza met with members of the Asian community ...
https://www.chalkbeat.org/newyork/2019/4/22/21108298/effort-to-save-the-shsat-gets-deep-pocketed-allies/,Effort to save the SHSAT gets deep-pocketed allies,,"Apr 22, 2019",A well-funded new group revealed plans Monday to fight the mayor’s push to scrap the ...
https://www.chalkbeat.org/newyork/2019/1/8/21107060/here-s-your-albany-education-cheat-sheet-for-2019-shsat-charter-schools-and-mayoral-control-will-be/,"Here’s your Albany education cheat sheet for 2019. SHSAT, charter schools and mayoral control will ...",,"Jan 08, 2019","On Wednesday, state lawmakers will head back to Albany for what could be a historic ..."
https://www.chalkbeat.org/newyork/2019/3/28/21107268/nyc-council-speaker-corey-johnson-proposes-eliminating-shsat-process-and-adding-new-elite-schools/,"NYC Council Speaker Corey Johnson proposes eliminating SHSAT process, and adding new ‘elite’ schools",,"Mar 28, 2019",New York City Council Speaker Corey Johnson is calling for an overhaul of the single-exam ...
https://www.chalkbeat.org/newyork/2019/10/1/21121807/the-sponsor-of-de-blasio-s-controversial-shsat-bill-is-backing-a-new-strategy/,The sponsor of de Blasio’s controversial SHSAT bill is backing a new strategy,,"Oct 01, 2019",The state lawmaker who sponsored the bill backing Mayor Bill de Blasio’s controversial specialized high ...
https://www.chalkbeat.org/newyork/2019/4/2/21107935/majority-of-new-york-city-voters-say-scrap-the-shsat-boost-diversity-at-specialized-high-schools-new/,"Majority of New York City voters say scrap the SHSAT, boost diversity at specialized high ...",,"Apr 02, 2019","Mayor Bill de Blasio’s plan to integrate specialized high schools has been booed in public, ..."
https://www.chalkbeat.org/newyork/2019/3/21/21107146/as-controversy-over-the-shsat-heats-up-lawmakers-call-for-forums-to-hear-every-single-voice/,"As controversy over the SHSAT heats up, lawmakers call for forums to ‘hear every single ...",,"Mar 21, 2019",The fallout from the recent release of enrollment data for the city’s specialized high schools ...
https://www.chalkbeat.org/newyork/2019/6/18/21108363/clock-running-out-in-new-york-legislature-for-shsat-bill-even-as-sponsor-looks-to-future/,"Clock running out in New York legislature for SHSAT bill, even as sponsor looks to ...",,"Jun 18, 2019","With just one day left in the legislative session, legislators made last-minute efforts Tuesday to ..."
https://www.chalkbeat.org/newyork/2018/8/23/21105585/union-chief-says-de-blasio-s-plan-to-scrap-the-shsat-is-going-nowhere-in-albany/,Union chief says de Blasio’s plan to scrap the SHSAT is going nowhere in Albany,,"Aug 23, 2018",The head of New York City’s teachers union offered a bleak assessment of Mayor Bill ...
https://www.chalkbeat.org/newyork/2018/12/13/21106382/the-shsat-helps-manhattan-families-like-mine-i-finally-stood-up-last-week-to-say-that-s-wrong/,The SHSAT helps Manhattan families like mine. I finally stood up last week to say ...,,"Dec 13, 2018",Choosing schools in New York City can be a formidable challenge. That was evident at ...
https://www.chalkbeat.org/newyork/2014/12/4/21094941/black-alumni-of-specialized-high-schools-shsat-needs-scrutiny-not-just-defenders/,"Black alumni of specialized high schools: SHSAT needs scrutiny, not just defenders",,"Dec 04, 2014",A group of black alumni of the city’s specialized high schools say the alumni coalition ...
https://www.chalkbeat.org/newyork/2018/10/9/21105933/carranza-says-the-city-could-get-rid-of-the-shsat-at-5-specialized-schools-on-its-own-contradicting/,Carranza says the city could get rid of the SHSAT at 5 specialized schools on ...,,"Oct 09, 2018",Schools Chancellor Richard Carranza said Tuesday that the education department could “probably” change the admissions ...
https://www.chalkbeat.org/newyork/2018/6/22/21105304/i-ve-spent-years-studying-the-link-between-shsat-scores-and-student-success-the-test-doesn-t-tell-yo/,I’ve spent years studying the link between SHSAT scores and student success. The test doesn’t ...,,"Jun 22, 2018","Proponents of New York City’s specialized high school exam, the test the mayor wants to ..."
https://www.chalkbeat.org/newyork/2018/6/6/21105132/the-scene-at-stuyvesant-students-who-ve-succeeded-at-shsat-wary-of-new-plan-though-some-want-change/,"The scene at Stuyvesant: Students who’ve succeeded at SHSAT wary of new plan, though some ...",,"Jun 06, 2018",As politicians and parents take sides in the heated debate over a new plan to ...
https://www.chalkbeat.org/newyork/2015/3/6/21093213/farina-shsat-should-count-for-some-not-all-of-specialized-hs-admission-decisions/,"Fariña: SHSAT should count for some, not all, of specialized HS admission decisions",,"Mar 06, 2015",Chancellor Carmen Fariña told a group of Harvard students Thursday that she thinks the city’s ...
https://www.chalkbeat.org/new/2018/11/14/21106165/some-asian-american-groups-have-backed-the-shsat-but-this-one-says-the-exam-should-go/,"Some Asian American groups have backed the SHSAT, but this one says the exam should ...",,"Nov 14, 2018","In the fight to integrate New York City’s coveted specialized high schools, one source of ..."
https://www.chalkbeat.org/newyork/2019/2/12/21106870/de-blasio-s-school-diversity-advisory-group-issues-its-first-report-but-it-doesn-t-touch-the-shsat-o/,De Blasio’s School Diversity Advisory Group issues its first report — but it doesn’t touch ...,,"Feb 12, 2019",After integration advocates found themselves underwhelmed by official plans to spur more diversity in New ...
https://www.chalkbeat.org/newyork/2018/9/21/21105716/charter-schools-funding-and-the-shsat-what-we-re-watching-if-democrats-flip-new-york-s-senate/,"Charter schools, funding, and the SHSAT: What we’re watching if Democrats flip New York’s Senate",,"Sep 21, 2018","Education politics could see a shakeup in Albany soon, as Democrats have their best chance ..."
https://www.chalkbeat.org/newyork/2019/3/16/21107123/alexandria-ocasio-cortez-other-politicians-debate-shsat-at-lively-education-town-hall/,"Alexandria Ocasio-Cortez, other politicians debate SHSAT at lively education town hall",,"Mar 16, 2019",The debate surrounding New York City’s eight specialized high schools caused the most divisive moment ...
https://www.chalkbeat.org/newyork/2019/3/26/21107217/ahead-of-first-anniversary-in-office-carranza-talks-shsat-a-pre-k-strike-and-his-turnaround-strategy/,"Ahead of first anniversary in office, Carranza talks SHSAT, a pre-K strike and his turnaround ...",,"Mar 26, 2019",A week after new enrollment data laid bare the stark segregation that continues at the ...
https://www.chalkbeat.org/newyork/2019/2/7/21106724/debate-over-shsat-divides-candidates-for-public-advocate-during-ny1-debate/,Debate over SHSAT divides candidates for public advocate during NY1 debate,,"Feb 07, 2019",The mayor’s plan to eliminate the single exam used to determine admissions at the city’s ...
https://www.chalkbeat.org/newyork/2016/3/10/21101532/assembly-budget-adds-2-billion-in-education-spending-would-boost-shsat-tutoring/,Assembly budget adds $2 billion in education spending; would boost SHSAT tutoring,,"Mar 10, 2016","This year’s Assembly budget proposal would increase education spending by $2.1 billion, while adding funding ..."
https://www.chalkbeat.org/newyork/2013/10/28/21093732/naacp-legal-defense-fund-recommends-an-shsat-replacement/,NAACP Legal Defense Fund recommends an SHSAT replacement,,"Oct 28, 2013","The city should screen students for its seven specialized high schools holistically, rather than by ..."
https://www.chalkbeat.org/newyork/2025/08/25/ps-weekly-students-interview-nyc-schools-chancellor-mellissa-aviles-ramos/,The back-to-school interview: NYC students talk with Chancellor Melissa Aviles-Ramos,,"Aug 25, 2025",Sign up for Chalkbeat New York’s free daily newsletter to get essential news about NYC’s ...
https://www.chalkbeat.org/newyork/2025/10/07/nyc-high-school-admissions-guide-expert-tips-lottery-numbers/,NYC high school applications: Your essential guide to navigating the admissions process,,"Oct 07, 2025",Sign up for Chalkbeat New York’s free daily newsletter to get essential news about NYC’s ...
https://www.chalkbeat.org/newyork/2025/10/02/zohran-mamdani-gifted-and-talented-nyc-school-segregation-cuomo-sliwa/,"Mamdani wants to scrap gifted seats for NYC kindergartners, renewing debate over segregated program",,"Oct 02, 2025",Sign up for Chalkbeat New York’s free daily newsletter to get essential news about NYC’s ...
https://www.chalkbeat.org/newyork/2024/10/17/nyc-specialized-high-school-admissions-test-shsat-could-go-digital/,NYC eyes $17 million contract to create computer-based Specialized High School Admissions Test,,"Oct 17, 2024",Sign up for Chalkbeat New York’s free daily newsletter to keep up with NYC’s public ...
https://www.chalkbeat.org/newyork/2025/07/31/nyc-specailized-high-school-admissions-data-eric-adams-segregation/,Fewer Black and Latino students win offers to attend specialized high schools,,"Aug 01, 2025",Sign up for Chalkbeat New York’s free daily newsletter to get essential news about NYC’s ...
https://www.chalkbeat.org/newyork/2024/12/19/specialized-high-school-computerized-exam-approved-after-debate/,NYC Education Panel approves contract for computerized specialized high school exam,,"Dec 18, 2024",Sign up for Chalkbeat New York’s free daily newsletter to get essential news about NYC’s ...
https://www.chalkbeat.org/newyork/2025/06/13/nyc-mayoral-candidates-education-platform-school-system-overview/,NYC mayoral candidates on education: Your guide to their plans for nation’s largest school system,,"Jun 13, 2025",Sign up for Chalkbeat New York’s free daily newsletter to get essential news about NYC’s ...
https://www.chalkbeat.org/newyork/2023/6/14/23759303/nyc-specialized-high-schools-discovery-program-integration-diversity/,Black and Latino enrollment in NYC specialized high school integration program still lags,,"Jun 14, 2023",A program aimed at bolstering the numbers of Black and Latino students in New York ...
https://www.chalkbeat.org/newyork/2025/04/21/nyc-students-beging-taking-state-tests-for-ela-and-math-after-glitches/,NYC students to take state tests this week after upstate’s bumpy rollout on the computer-based ...,,"Apr 21, 2025",Sign up for Chalkbeat New York’s free daily newsletter to get essential news about NYC’s ...
https://www.chalkbeat.org/newyork/2025/03/26/ps-weekly-teen-journalists-on-nyc-high-school-admissions/,"P.S. Weekly at SXSW EDU: Teen journalists on NYC admissions, resources, and real change",,"Mar 26, 2025",Sign up for Chalkbeat New York’s free daily newsletter to get essential news about NYC’s ...
https://www.chalkbeat.org/newyork/2023/11/15/a-former-tutors-off-broadway-show-tackles-nycs-high-stress-high-school-admissions/,A former tutor’s off-Broadway show tackles NYC’s high-stress high school admissions,,"Nov 15, 2023",New York City’s high-stakes high school admissions process is taking center stage in a new ...
https://www.chalkbeat.org/newyork/2025/01/28/council-debates-translating-specialized-high-school-exam/,Should NYC’s specialized high school test come in other languages? Manhattan parent council says no.,,"Jan 27, 2025",Sign up for Chalkbeat New York’s free daily newsletter to get essential news about NYC’s ...
https://www.chalkbeat.org/newyork/2025/01/02/nyc-education-issues-to-watch-as-lawmakers-return-to-albany-in-2025/,"School funding, cellphone ban, class size, Trump: Education issues Albany could tackle in 2025",,"Jan 02, 2025",Sign up for Chalkbeat New York’s free daily newsletter to get essential news about NYC’s ...
https://www.chalkbeat.org/newyork/2023/5/1/23687115/stuyvesant-nyc-specialized-high-school-facebook-theater-placement-exams-camp-stuy-ap-exams/,I’m a Stuyvesant junior. Here’s what I wish I’d known about the high school I’ve ...,,"May 01, 2023",Chalkbeat is a nonprofit news organization covering public education in communities across America. Sign up ...
https://www.chalkbeat.org/newyork/2024/12/05/discovery-program-specialized-high-schools-excludes-homeless-migrant-student/,Few English learners get into NYC’s specialized high schools. This student came achingly close.,,"Dec 05, 2024",Sign up for Chalkbeat New York’s free daily newsletter to keep up with NYC’s public ...
https://www.chalkbeat.org/newyork/2024/12/18/transferring-nyc-high-school-takes-time-persistence/,"In NYC, my quest to transfer high schools was an exercise in persistence",,"Dec 18, 2024",It was the moment I had been anticipating the whole school year: receiving my high ...
https://www.chalkbeat.org/newyork/2022/10/20/23415028/nyc-high-school-application-process-lottery-admissions/,Applying to NYC high school? Here’s what you need to know.,,"Oct 20, 2022",It’s not an easy time to be an eighth grader in New York City. Across ...
https://www.chalkbeat.org/newyork/2018/12/19/21107096/more-than-70-manhattan-parents-pen-letter-to-local-officials-supporting-de-blasio-s-specialized-high/,More than 70 Manhattan parents pen letter to local officials supporting de Blasio’s specialized high ...,,"Dec 19, 2018",A Manhattan parents meeting earlier this month turned raucous as parents protested the city’s plan ...
https://www.chalkbeat.org/newyork/2018/12/12/21106350/how-can-we-bring-people-together-parents-debate-new-york-city-s-plan-to-integrate-specialized-high-s/,‘How can we bring people together?’ Parents debate New York City’s plan to integrate specialized ...,,"Dec 12, 2018",Parents gathered at a middle school on the Upper West Side on Tuesday night and ...
https://www.chalkbeat.org/newyork/2018/8/13/21105525/fair-and-objective-or-useless-and-biased-a-chalkbeat-guide-to-the-case-for-and-against-new-york-city/,Fair and objective or useless and biased? A Chalkbeat guide to the case for and ...,,"Aug 13, 2018",When Mayor Bill de Blasio announced a plan to scrap the exam that serves as ...
https://www.chalkbeat.org/newyork/2017/3/10/21099620/new-york-city-expanded-its-efforts-to-boost-diversity-at-elite-specialized-high-schools-so-why-hasn/,New York City expanded its efforts to boost diversity at elite specialized high schools. So ...,,"Mar 10, 2017","Last June, city officials rolled out a series of initiatives that were supposed to address ..."
https://www.chalkbeat.org/newyork/2024/06/18/specialized-high-school-offers-to-black-and-latino-students-increase-but-remain-low/,NYC specialized high school offers to Black and Latino students inch up but remain stubbornly ...,,"Jun 18, 2024",Sign up for Chalkbeat New York’s free daily newsletter to keep up with NYC’s public ...
https://www.chalkbeat.org/newyork/2024/07/19/students-with-disabilities-shut-out-of-nyc-specialized-high-schools/,He dreamed of attending Stuyvesant. But getting accommodations for his disability proved too much.,,"Jul 19, 2024","In the summer after middle school, George begged his mom to drive him to Lower ..."
https://www.chalkbeat.org/newyork/2021/4/29/22409927/few-black-latino-students-admitted-specialized-high-schools-2021/,"Once again, few Black, Latino students admitted to NYC’s prestigious specialized high schools",,"Apr 29, 2021",The number of Black and Latino students admitted to the city’s vaunted specialized high schools ...
https://www.chalkbeat.org/newyork/2021/6/21/22544027/she-got-into-one-of-nycs-top-high-schools-four-years-later-she-wishes-she-hadnt/,"She got into one of NYC’s top high schools. Four years later, she wishes she ...",,"Jun 21, 2021",The first thing Elizabeth Yarde noticed on her first day at Queens High School for ...
https://www.chalkbeat.org/newyork/2020/3/18/21196043/as-families-fight-over-access-to-nyc-s-specialized-high-schools-some-seats-go-unfilled/,"As families fight over access to NYC’s specialized high schools, some seats go unfilled",,"Mar 18, 2020",The freshman class for at least two of the city’s most sought-after schools had empty ...
https://www.chalkbeat.org/newyork/2019/9/24/21121874/mayor-s-plan-to-diversify-specialized-high-school-could-raise-admissions-standards-at-other-campuses/,Mayor’s plan to diversify specialized high school could raise admissions standards at other campuses,,"Sep 24, 2019","The mayor’s plan to diversify specialized high schools would likely work as intended, a new ..."
https://www.chalkbeat.org/newyork/2019/6/26/21108400/school-year-ends-in-nyc-with-demands-for-integration-calls-for-carranza-s-ouster-and-lingering-quest/,"School year ends in NYC with demands for integration, calls for Carranza’s ouster, and lingering ...",,"Jun 26, 2019",The school year ended in New York City for most students and their families on ...
https://www.chalkbeat.org/newyork/2023/11/30/myschools-high-school-application-process-personal-experience/,"Essays, tests, auditions, frustration, stress: What it’s like to apply to high school in NYC",,"Nov 30, 2023",Sign up for Chalkbeat New York’s free daily newsletter to keep up with NYC’s public ...
https://www.chalkbeat.org/newyork/2019/3/18/21107111/as-admissions-controversy-roils-data-shows-new-york-city-s-specialized-high-schools-continue-to-acce/,"As admissions controversy roils, data shows New York City’s specialized high schools continue to accept ...",,"Mar 18, 2019",As New York City is engulfed in a debate over efforts to better integrate the ...
https://www.chalkbeat.org/newyork/2023/9/26/23890942/nyc-high-school-admissions-application-process-explained/,NYC’s complex high school admissions process opens Oct. 3. Here’s what families should know.,,"Sep 28, 2023",Sign up for Chalkbeat New York’s free daily newsletter to keep up with NYC’s public ...
https://www.chalkbeat.org/newyork/2018/10/19/21105932/love-or-hate-the-specialized-high-school-test-new-york-city-students-take-the-exam-this-weekend/,"Love or hate the specialized high school test, New York City students take the exam ...",,"Oct 19, 2018",The Specialized High Schools Admissions Test has been both lauded as a fair measure for ...
https://www.chalkbeat.org/newyork/2018/6/2/21105076/mayor-bill-de-blasio-our-specialized-schools-have-a-diversity-problem-let-s-fix-it/,Mayor Bill de Blasio: Our specialized schools have a diversity problem. Let’s fix it.,,"Jun 02, 2018",I visit schools across this city and it never fails to energize me. The talent ...
https://www.chalkbeat.org/newyork/2018/12/10/21106348/in-a-mostly-black-district-parents-bring-different-concerns-to-debate-over-new-york-city-s-specializ/,"In a mostly black district, parents bring different concerns to debate over New York City’s ...",,"Dec 10, 2018","After raucous protests against plans to integrate New York City’s specialized high schools, parents in ..."
https://www.chalkbeat.org/new/2023/4/13/23681916/high-school-journalists-demand-albany-expand-press-protections/,High School Journalists Demand Albany Expand Press Protections,,"Apr 13, 2023",This article was originally published on Apr 13 5:00am EDT by THE CITY Student journalists ...
https://www.chalkbeat.org/newyork/2023/6/16/23764178/community-education-council-election-place-integration-school-admissions-equity/,PLACE-endorsed candidates win nearly 40% of seats on NYC’s parent councils,,"Jun 16, 2023",Sign up for Chalkbeat New York’s free daily newsletter to keep up with NYC’s public ...
https://www.chalkbeat.org/newyork/2015/11/17/21092455/q-a-the-filmmaker-who-followed-12-nyc-eighth-graders-vying-for-seats-in-top-high-schools/,Q&A: The filmmaker who followed 12 NYC eighth-graders vying for seats in top high schools,,"Nov 17, 2015",While the exam to get into one of New York City’s top high schools is ...
https://www.chalkbeat.org/newyork/2022/12/15/23487044/black-at-brookyn-tech-student-union-step-voice/,How I found my voice as a Black student at Brooklyn Tech,,"Dec 15, 2022",I was excitedly talking with my friends about our high school plans when one of ...
https://www.chalkbeat.org/newyork/2022/6/15/23169817/nyc-specialized-high-school-admissions-offers-2022/,"NYC’s specialized high schools continue to admit few Black, Latino students, 2022 data shows",,"Jun 15, 2022",The low number of Black and Latino students admitted to New York City’s prestigious specialized ...
https://www.chalkbeat.org/newyork/2022/6/16/23169634/leaving-specialized-high-school-shsat-mental-health/,We took our daughter out of a specialized high school. It was the best decision.,,"Jun 16, 2022","Not two months in, we knew our daughter was having a rough transition to high ..."
https://www.chalkbeat.org/new/2021/9/21/22680134/nyc-students-meisha-porter-covid-safety-segregation-police/,"Q&A: Chancellor Porter talks COVID safety, segregation, and discipline",,"Sep 21, 2021",YouthComms writers asked tough questions about the issues they face at school. Here are New ...
https://www.chalkbeat.org/newyork/2021/11/2/22760486/eric-adams-nyc-mayor-schools/,Eric Adams will be NYC’s next mayor. Here’s what that means for schools,,"Nov 02, 2021","Democratic candidate Eric Adams handily won Tuesday’s New York City mayoral election, putting him at ..."
https://www.chalkbeat.org/newyork/2021/11/1/22752734/middle-high-school-nyc-applications-admissions/,NYC middle and high schools head into another murky admissions season,,"Nov 01, 2021","Admissions information recently posted on the website of a competitive, sought-after public middle school in ..."
https://www.chalkbeat.org/newyork/2021/6/22/22546369/eric-adams-nyc-mayor-race-2021-schools/,Eric Adams takes the lead in New York City’s Democratic mayoral primary. Here’s what that ...,,"Jun 22, 2021",Eric Adams — who might want to keep schools open year round and have a ...
https://www.chalkbeat.org/newyork/2020/11/25/21588157/hiding-my-poverty-from-friends/,"My family lived in poverty. For a long time, I hid that from my friends.",,"Nov 25, 2020","When I was in eighth grade, my family had to move from Brooklyn to live ..."
https://www.chalkbeat.org/newyork/2021/6/10/22528710/nyc-mayoral-race-2021-education-schools/,NYC mayoral race: Where do candidates stand on major education issues? Here’s your essential guide.,,"Jun 10, 2021","Though the next mayor won’t take office until midway into the next school year, his ..."
https://www.chalkbeat.org/newyork/2021/2/4/22266576/nyc-mayor-race-education/,Want to be mayor of NYC? Here are 6 education issues the next chief executive ...,,"Feb 04, 2021","New York City will head to the polls this November to elect a new mayor, ..."
https://www.chalkbeat.org/newyork/2020/12/18/22188384/changes-nyc-school-application-process/,"NYC announces sweeping changes to middle, high school application process",,"Dec 18, 2020",The coronavirus pandemic will force major changes in the ways students are admitted to New ...
https://www.chalkbeat.org/new/2020/3/18/21196052/nyc-high-school-offers-are-coming-this-week-with-a-big-change-waitlists-here-s-what-you-should-know/,NYC high school offers are coming this week with a big change: waitlists. Here’s what ...,,"Mar 18, 2020","Amid the incredible uncertainty the coronavirus outbreak has created for the nation’s largest school system, ..."
https://www.chalkbeat.org/new/2020/3/19/21196079/only-10-black-students-offered-admission-to-stuyvesant-as-efforts-to-integrate-nyc-s-specialized-hig/,"Only 10 black students offered admission to Stuyvesant, as efforts to integrate NYC’s specialized high ...",,"Mar 19, 2020",New York City’s prized specialized high schools will remain starkly segregated as the number of ...
https://www.chalkbeat.org/newyork/2020/7/9/21319297/the-outsiders-website-to-support-black-and-hispanic-students-nyc-elite-public-high-schools/,Meet ‘The Outsiders’: New website aims to support students of color at NYC’s elite public ...,,"Jul 09, 2020",When AnnaBelle Medina first started at the High School of American Studies at Lehman College ...
https://www.chalkbeat.org/newyork/2019/10/21/21121853/nyc-families-frustrated-again-with-online-portal-for-applying-to-middle-high-schools/,"NYC families frustrated (again) with online portal for applying to middle, high schools",,"Oct 21, 2019","As middle and high school application season kicks into high gear, parents say the city’s ..."
https://www.chalkbeat.org/newyork/2019/9/4/21108926/here-are-the-new-york-city-schools-stories-we-plan-to-cover-this-year-and-how-you-can-help-us/,"Here are the New York City schools stories we plan to cover this year, and ...",,"Sep 04, 2019","This spring, the controversy surrounding the education department’s anti-bias training for New York City teachers ..."
https://www.chalkbeat.org/newyork/2019/12/20/21055570/albany-primer-here-are-the-big-nyc-education-issues-to-watch-in-the-new-legislative-session/,Albany primer: Here are the big NYC education issues to watch in the new legislative ...,,"Dec 20, 2019",As New York’s state lawmakers make their way back to Albany for the next legislative ...
https://www.chalkbeat.org/newyork/2018/9/19/21105693/jia-lee-a-special-education-teacher-and-union-gadfly-wants-to-be-new-york-s-next-lieutenant-governor/,"Jia Lee, a special education teacher and union gadfly, wants to be New York’s next ...",,"Sep 19, 2018","With 18 years in the classroom, special education teacher Jia Lee has seen a lot ..."
https://www.chalkbeat.org/newyork/2019/4/11/21107929/opposition-abounds-against-specialized-high-school-admissions-changes-at-senate-forum-in-queens/,Opposition abounds against specialized high school admissions changes at Senate forum in Queens,,"Apr 11, 2019","When lawmakers announced a series of community forums about specialized high school admissions, state Sen. ..."
https://www.chalkbeat.org/newyork/2018/12/21/21106477/what-happened-in-new-york-city-education-this-year-and-what-to-expect-in-2019/,What happened in New York City education this year — and what to expect in ...,,"Dec 21, 2018",It was a dramatic year for New York City schools. Parents either panned or applauded ...
https://www.chalkbeat.org/newyork/2019/5/10/21108140/carranza-in-the-hot-seat-during-assembly-s-specialized-high-school-hearing/,Carranza in the hot seat during Assembly’s specialized high school hearing,,"May 10, 2019",State lawmakers came down on all sides of the fiery specialized high school debate during ...
https://www.chalkbeat.org/newyork/2019/6/7/21108313/this-brooklyn-teen-keeps-pressing-de-blasio-on-school-segregation-during-his-weekly-radio-appearance/,This Brooklyn teen keeps pressing de Blasio on school segregation during his weekly radio appearance,,"Jun 07, 2019","Bill de Blasio, the mayor of New York City, has refused to meet with her. ..."
https://www.chalkbeat.org/newyork/2019/6/1/21108237/what-s-happened-in-the-year-since-mayor-bill-de-blasio-called-for-overhauling-nyc-s-specialized-high/,What’s happened in the year since Mayor Bill de Blasio called for overhauling NYC’s specialized ...,,"Jun 01, 2019","It was a Sunday morning, but the gym at J.H.S. 292 in East New York ..."
https://www.chalkbeat.org/newyork/2018/7/3/21105358/prestigious-and-public-the-hunter-college-schools-charge-hefty-fees-and-admit-few-poor-students/,"Prestigious and public, the Hunter College schools charge hefty fees and admit few poor students",,"Jul 03, 2018",Your first shot at getting in comes when you’re four years old. You have to ...
https://www.chalkbeat.org/newyork/2018/6/19/21105254/inside-a-bronx-middle-school-where-students-rarely-apply-to-attend-specialized-high-schools/,Inside a Bronx middle school where students rarely apply to attend specialized high schools,,"Jun 19, 2018","Shaydra Spand wants the very best for her daughter, Reniah. But it has never crossed ..."
https://www.chalkbeat.org/newyork/2019/3/20/21107147/i-m-an-asian-american-graduate-of-brooklyn-tech-please-don-t-use-me-as-a-wedge-in-your-education-law/,I’m an Asian American graduate of Brooklyn Tech. Please don’t use me as a wedge ...,,"Mar 20, 2019","I am a lawyer, and every day I use the law to fight for social ..."
https://www.chalkbeat.org/newyork/2019/1/31/21106708/what-new-york-city-s-specialized-high-schools-would-have-looked-like-under-an-admissions-overhaul-ac/,"What New York City’s specialized high schools would have looked like under an admissions overhaul, ...",,"Jan 31, 2019",If the mayor’s controversial proposal to overhaul admissions at specialized high schools were in place ...
https://www.chalkbeat.org/newyork/2018/9/12/21105685/how-the-winner-of-the-cuomo-vs-nixon-race-for-new-york-governor-could-shape-education-policy/,How the winner of the Cuomo vs. Nixon race for New York governor could shape ...,,"Sep 12, 2018","Education seemed destined for the spotlight in New York’s gubernatorial election, with a longtime school-funding ..."
https://www.chalkbeat.org/newyork/2018/12/5/21106334/smooth-sailing-or-left-behind-the-student-voices-in-a-charged-debate-over-nyc-s-high-school-admissio/,‘Smooth sailing’ or ‘left behind’: The student voices in a charged debate over NYC’s high ...,,"Dec 05, 2018",At the same time Monday night that Manhattan parents were protesting proposed changes to how ...
https://www.chalkbeat.org/newyork/2017/5/31/21099889/a-16-year-old-stuyvesant-student-is-running-for-state-senate-here-s-how-he-wants-to-improve-city-sch/,A 16-year-old Stuyvesant student is running for state Senate. Here’s how he wants to improve ...,,"May 31, 2017",Tahseen Chowdhury’s path to one of New York City’s top high schools began almost as ...
https://www.chalkbeat.org/newyork/2017/3/31/21100483/with-diversity-still-dismal-at-specialized-schools-new-york-city-officials-and-parents-shift-focus-t/,"With diversity still dismal at specialized schools, New York City officials and parents shift focus ...",,"Mar 31, 2017",It’s a long-established fact that New York City’s gifted programs and elite specialized high schools ...
https://www.chalkbeat.org/newyork/2017/3/8/21101007/only-10-percent-of-offers-at-new-york-city-s-specialized-high-schools-went-to-black-and-hispanic-stu/,Only 10 percent of offers at New York City’s specialized high schools went to black ...,,"Mar 08, 2017",Four years after New York City Mayor Bill de Blasio railed against the way students ...
https://www.chalkbeat.org/newyork/2017/6/7/21099914/digging-into-details-of-mayor-s-diversity-plan-critics-see-easy-goals-and-iffy-approaches/,"Digging into details of mayor’s diversity plan, critics see easy goals and iffy approaches",,"Jun 07, 2017","After waiting for almost a year, integration advocates finally learned what New York City plans ..."
https://www.chalkbeat.org/newyork/2017/3/15/21099722/how-i-navigated-new-york-city-s-high-school-admissions-maze-in-a-wheelchair/,How I navigated New York City’s high school admissions maze in a wheelchair,,"Mar 15, 2017",Public school was something I had been thinking about for years. It seemed like an ...
https://www.chalkbeat.org/newyork/2014/12/11/21094929/debate-over-high-school-admissions-test-divides-city-council/,Debate over high school admissions test divides City Council,,"Dec 11, 2014","Deep divisions emerged at a City Council hearing Thursday on school diversity, as policymakers debated ..."
https://www.chalkbeat.org/newyork/2016/9/19/21100355/education-department-recommends-that-pearson-continue-to-provide-specialized-high-school-admissions/,Education department recommends that Pearson continue to provide Specialized High School Admissions Test,,"Sep 19, 2016",Testing giant Pearson would continue providing the Specialized High School Admissions Test under a New ...
https://www.chalkbeat.org/newyork/2015/3/5/21094923/share-of-black-hispanic-students-offered-specialized-high-school-seats-remains-low/,"Share of black, Hispanic students offered specialized high school seats remains low",,"Mar 05, 2015",Few black and Hispanic students won admission to eight of the city’s specialized high schools ...
https://www.chalkbeat.org/new/2013/3/15/21090305/fewer-black-and-hispanic-students-admitted-to-top-high-schools/,Fewer black and Hispanic students admitted to top high schools,,"Mar 15, 2013",During a year when the racial composition of the student bodies at the city’s most ...
https://www.chalkbeat.org/newyork/2014/6/9/21094966/city-endorses-legislative-push-to-diversify-elite-high-schools/,City endorses legislative push to diversify elite high schools,,"Jun 09, 2014",The de Blasio administration is endorsing a renewed push to change how the city’s most ...
https://www.chalkbeat.org/newyork/2013/8/21/21091104/equity-and-access-czar-describes-city-s-gap-closing-efforts/,"""Equity and access"" czar describes city's gap-closing efforts",,"Aug 21, 2013","After the state released lower test scores earlier this month, city and state officials disagreed ..."
https://www.chalkbeat.org/newyork/2013/1/11/21096464/failing-the-stuyvesant-test/,Failing The Stuyvesant Test,,"Jan 11, 2013","In 1971, the New York State Legislature passed the Hecht-Calandra bill, requiring that rank-ordered results ..."
https://www.chalkbeat.org/new/2011/4/28/21097364/pushing-through/,Pushing Through,,"Apr 28, 2011","It’s true that high school applications are not all there is to eighth grade, but ..."
https://www.chalkbeat.org/newyork/2011/2/11/21087745/racial-gap-persists-for-city-s-specialized-high-schools/,Racial gap persists for city's specialized high schools,,"Feb 11, 2011",Today’s the day that guidance counselors distribute envelopes to eighth graders with news of whether ...
https://www.chalkbeat.org/newyork/2010/2/5/21093973/nearly-6-000-students-offered-specialized-high-school-seats/,"Nearly 6,000 students offered specialized high school seats",,"Feb 05, 2010","Thousands of eighth grade students across the city have been waiting for today, when they ..."
