link,headline,author,date_published,snippet
https://www.city-journal.org/article/new-york-charter-public-schools-funding,New York Charter Schools Aren’t Stealing Public Schools’ Dollars,Danyela Souza Egorov,Sep 29 2025,Opponents make the allegation to block educational opportunity.
https://www.city-journal.org/article/city-journal-daily-newsletter-aug-7-2025,“Trump Politicizes Science.” Really?,,Aug 07 2025,The NSF has been doing exactly that for years.
https://www.city-journal.org/article/new-york-city-specialized-high-schools-shsat,Shutting Down Specialized High Schools Won’t Close Racial Achievement Gaps,Danyela Souza Egorov,Aug 06 2025,Some claim that the prestigious public schools in New York City should be phased out due to the low numbers of black and Hispanic students.
https://www.city-journal.org/article/new-york-city-mayoral-election-zohran-mamdani-andrew-cuomo,Zohran Mamdani’s Budding Multi-Asian Coalition,Renu Mukherjee,Jun 12 2025,"The mayoral hopeful’s ethnic-targeted strategy is smart politics, but his stance on policing and education may limit his broader appeal."
https://www.city-journal.org/article/a-win-for-merit-in-new-york-citys-schools,A Win for Merit in New York City’s Schools,Wai Wah Chin,Dec 20 2024,The Panel for Education Policy passes a contract preserving the specialized high schools’ admissions exam.
https://www.city-journal.org/article/a-conspiracy-against-specialized-high-schools,A Conspiracy Against Specialized High Schools?,Wai Wah Chin,Dec 05 2024,Opponents angle to defund the entrance exam.
https://www.city-journal.org/article/the-next-battle-over-racial-preferences,The Next Battle over Racial Preferences,Renu Mukherjee,Dec 03 2023,Critics of elite high schools want to reshape their enrollment by discarding merit-based admissions.
https://www.city-journal.org/article/chinese-parents-forge-their-own-path-in-the-u-s,Forging Their Own Path,Rong Xiaoqing,Aug 21 2023,Chinese parents around the country are launching programs and schools to defend traditional values like hard work and meritocracy.
https://www.city-journal.org/article/new-york-citys-specialized-high-schools-work,New York City’s Specialized High Schools Work,Wai Wah Chin,Jun 06 2023,"Instead of arguing about demographic proportionality, let’s encourage more kids to reach higher—and build better schools throughout the city."
https://www.city-journal.org/article/equity-and-excellence-four-years-later,"“Equity” and Excellence, Four Years Later",Wai Wah Chin,Dec 09 2022,New data from two of New York City’s specialized high schools show the costs of the war on meritocracy.
https://www.city-journal.org/article/new-yorks-parent-revolt,New York’s Parent Revolt,Wai Wah Chin,Nov 26 2021,An activist fighting Bill de Blasio’s plan to scrap merit-based K-12 programs looks back on the last three years.
https://www.city-journal.org/article/re-gifting-new-yorks-schools,Re-Gifting New York’s Schools,Ray Domanico,Oct 08 2021,The city’s next mayor must develop a workable plan that is educationally sound and fair to all.
https://www.city-journal.org/article/test-anxiety,Test Anxiety,Rong Xiaoqing,Apr 04 2021,Asian-American parents mobilized to oppose the de Blasio administration’s specialized high school proposal. Now they’re fighting a larger battle.
https://www.city-journal.org/article/merit-contested,"Merit, Contested",John S. Rosenberg,Aug 14 2020,Critics continue to challenge achievement-based admissions at elite schools like New York’s Stuyvesant High School. 
https://www.city-journal.org/article/divide-and-conquer,Divide and Conquer,Rong Xiaoqing,Aug 05 2020,Bill de Blasio injects racial politics into every corner of his administration.
https://www.city-journal.org/article/the-most-revealing-screen,The Most Revealing Screen,"Jonathan Wai, Don Zhang",Oct 16 2019,"Standardized tests have their problems, but they remain the best way of assessing students’ academic merits."
https://www.city-journal.org/article/making-merit-subjective,Making Merit Subjective,Dennis Saffran,Oct 07 2014,The de Blasio administration floats a proposal to water down the admissions test to the city’s specialized high schools.
https://www.city-journal.org/article/the-plot-against-merit,The Plot Against Merit,Dennis Saffran,Jul 20 2014,"Seeking racial balance, liberal advocates want to water down admissions standards at New York’s elite high schools."
