link,headline,author,date_published,snippet
http://www.gothamgazette.com/130-opinion/7871-new-research-shows-shsat-less-valuable-predictor-than-middle-school-grades,New Research Shows SHSAT Less Valuable Predictor Than Middle School Grades,Jonathan Taylor,"Aug 16, 2018", The most important finding was that seventh grade GPA predicts more than twice as much of the variance in high school grades (44%) when compared to the SHSAT.
https://www.gothamgazette.com/open-government/130-opinion/9629-shsat-opponents-dont-understand-specialized-high-school-diversity-picture,What Those Targeting the SHSAT Don’t Really Understand About the Specialized High School Picture,Amir Davis,"Jul 30, 2020"," The SHSAT allows schools to test students' abilities in subjects, particularly math and English language arts, that are imperative to have a ..."
http://www.gothamgazette.com/130-opinion/7871-new-research-shows-shsat-less-valuable-predictor-than-middle-school-grades,New Research Shows SHSAT Less Valuable Predictor Than Middle School Grades,Jonathan Taylor,"Aug 16, 2018", The most important finding was that seventh grade GPA predicts more than twice as much of the variance in high school grades (44%) when compared to the SHSAT.
https://www.gothamgazette.com/open-government/130-opinion/9629-shsat-opponents-dont-understand-specialized-high-school-diversity-picture,What Those Targeting the SHSAT Don’t Really Understand About the Specialized High School Picture,Amir Davis,"Jul 30, 2020"," The SHSAT allows schools to test students' abilities in subjects, particularly math and English language arts, that are imperative to have a ..."
https://www.gothamgazette.com/government/5392-the-history-of-new-york-citys-special-high-schools-timeline,The History of New York City's Special High Schools,Katrina Shakarian,2014 - SHSAT Testing · 2014 - New York City Council Introduces Package of Legislation to Promote Diversity in City Schools · 2014 - NYC Department of Education ...,2014 - SHSAT Testing · 2014 - New York City Council Introduces Package of Legislation to Promote Diversity in City Schools · 2014 - NYC Department of Education ...
https://www.gothamgazette.com/city/8406-where-top-city-officials-stand-on-the-shsat-and-specialized-high-school-admissions,Where Top Officials Stand on the SHSAT and Specialized High School Admissions,Savannah Jacobson,"Mar 29, 2019", Mayor Bill de Blasio rolled out a plan to eliminate the Specialized High School Admissions Test (SHSAT) for New York City's specialized public high schools.
http://www.gothamgazette.com/130-opinion/6678-the-specialized-high-school-exam-a-flawed-test-in-a-flawed-system,The Specialized High School Exam: A Flawed Test in a Flawed System,Bernard Agrest,"Dec 20, 2016"," Gotham Gazette is an online publication covering New York policy and politics as well as news on public safety, transportation, education, ..."
https://www.gothamgazette.com/130-opinion/8950-schools-chancellor-carranza-goes-rogue-specialized-high-school-admissions-shsat,The Schools Chancellor Goes Rogue on Specialized High School Admissions,Larry Cary,"Nov 25, 2019"," Gotham Gazette is an online publication covering New York policy and politics as well as news on public safety, transportation, education, ..."
http://www.gothamgazette.com/index.php/opinions/5622-real-answers-to-improve-diversity-at-the-specialized-high-schools-shsat-cary,Real Answers to Improve Diversity at the Specialized High Schools,Larry Cary,"Gotham Gazette is an online publication covering New York policy and politics as well as news on public safety, transportation, education, finance and more.","Gotham Gazette is an online publication covering New York policy and politics as well as news on public safety, transportation, education, finance and more."
https://www.gothamgazette.com/component/tags/tag/specialized-high-schools,,,"Gotham Gazette is an online publication covering New York policy and politics as well as news on public safety, transportation, education, finance and more.","Gotham Gazette is an online publication covering New York policy and politics as well as news on public safety, transportation, education, finance and more."
https://www.gothamgazette.com/130-opinion/8383-more-diversity-at-specialized-high-schools-is-tutoring-programs-shsat,The Answer to More Diversity at Specialized High Schools is Tutoring Programs Like Ours,Jade Lozada,"Mar 26, 2019"," Gotham Gazette is an online publication covering New York policy and politics as well as news on public safety, transportation, education, ..."
https://www.gothamgazette.com/opinion-pieces/130-opinion/8256-enough-doe-deception-around-admittance-to-specialized-high-schools,Enough DOE Deception Around Admittance to Specialized High Schools,Larry Cary,"Gotham Gazette is an online publication covering New York policy and politics as well as news on public safety, transportation, education, finance and more.","Gotham Gazette is an online publication covering New York policy and politics as well as news on public safety, transportation, education, finance and more."
https://www.gothamgazette.com/city/7719-former-top-doe-official-time-to-move-beyond-relic-of-specialized-high-school-test,Former Top DOE Official: Time to Move Beyond ‘Relic’ of Specialized High School Test,Samar Khurshid,"Jun 7, 2018"," Gotham Gazette is an online publication covering New York policy and politics as well as news on public safety, transportation, education, ..."
https://www.gothamgazette.com/130-opinion/7727-what-stuyvesant-high-school-was-for-me,What Stuyvesant High School Was For Me,Jonathan Fishner,"Jun 13, 2018"," Gotham Gazette is an online publication covering New York policy and politics as well as news on public safety, transportation, education, ..."
https://www.gothamgazette.com/130-opinion/9470-trends-embrace-diversify-new-york-city-specialized-high-schools,Encouraging Trends to Embrace for Path Forward at City’s Specialized High Schools,Larry Cary,"Jun 8, 2020"," Gotham Gazette is an online publication covering New York policy and politics as well as news on public safety, transportation, education, ..."
http://www.gothamgazette.com/index.php/php/opinion/5699-better-understanding-entry-to-the-city,Better Understanding Entry to the City's Specialized High Schools,Larry Cary,"Gotham Gazette is an online publication covering New York policy and politics as well as news on public safety, transportation, education, finance and more.","Gotham Gazette is an online publication covering New York policy and politics as well as news on public safety, transportation, education, finance and more."
http://www.gothamgazette.com/index.php/government/5430-remaining-elite-ensuring-diversity-boston-chicago-a-new-york-wrestle-with-admissions-to-special-high-schools,"Remaining Elite, Ensuring Diversity: Boston, Chicago &amp; New York Wrestle with Admissions to Special High Schools",Katrina Shakarian,"Nov 11, 2014"," Currently, admissions to eight of them are based solely on the Specialized High School Admissions Test (SHSAT). The city's ninth specialized ..."
http://www.gothamgazette.com/130-opinion/7841-fostering-feeder-schools-to-improve-diversity-at-the-specialized-high-schools,Fostering Feeder Schools Will Improve Diversity at the Specialized High Schools,Robert Cornegy & Justin Brannan,"Aug 3, 2018"," Gotham Gazette is an online publication covering New York policy and politics as well as news on public safety, transportation, education, ..."
https://www.gothamgazette.com/component/tags/tag/john-liu,,,"Gotham Gazette is an online publication covering New York policy and politics as well as news on public safety, transportation, education, finance and more.","Gotham Gazette is an online publication covering New York policy and politics as well as news on public safety, transportation, education, finance and more."
https://www.gothamgazette.com/130-opinion/7760-missing-pieces-of-the-discussion-around-specialized-high-schools-and-city-education,Missing Pieces of the Discussion Around Specialized High Schools and City Education,Leonie Haimson,"Jun 22, 2018"," Gotham Gazette is an online publication covering New York policy and politics as well as news on public safety, transportation, education, ..."
https://www.gothamgazette.com/city/10053-democratic-mayoral-candidates-pitch-upper-manhattan-club,Democratic Mayoral Hopefuls Pitch Upper Manhattan Club,Nuha Dolby,"Jan 9, 2021", Nine Demcocratic candidates for mayor of New York City appeared one-by-one Thursday night at an online forum hosted by the Uptown Community ...
https://www.gothamgazette.com/state/8566-de-blasio-s-end-of-session-albany-agenda,De Blasio's End-of-Session Albany Agenda,Samar Khurshid,"Jun 4, 2019"," Gotham Gazette is an online publication covering New York policy and politics as well as news on public safety, transportation, education, ..."
https://www.gothamgazette.com/city/12072-primaries-brooklyn-city-council-asian-opportunity-district-43,Party Primaries in Brooklyn Race for New City Council ‘Asian Opportunity’ District Come Down to the Wire,Samar Khurshid & Julia Goldberg,"Jun 22, 2023"," Gotham Gazette is an online publication covering New York policy and politics as well as news on public safety, transportation, education, ..."
https://www.gothamgazette.com/component/contact/contact/1639-jonathan-taylor?Itemid=327,,,New Research Shows SHSAT Less Valuable Predictor Than Middle School Grades. Gotham Gazette. The Place for New York Policy and politics ...,New Research Shows SHSAT Less Valuable Predictor Than Middle School Grades. Gotham Gazette. The Place for New York Policy and politics ...
https://www.gothamgazette.com/city/8644-we-re-moving-now-city-pursues-school-desegregation-measures-with-major-looming-test,"'We're Moving Now': City Pursues School Desegregation Measures, with Major Looming Test",Samantha Handler,"Jun 28, 2019"," Gotham Gazette is an online publication covering New York policy and politics as well as news on public safety, transportation, education, ..."
https://www.gothamgazette.com/component/tags/tag/corey-johnson?start=100,,,... SHSAT. Mayor de Blasio announces specialized high schools plan (photo," (SHSAT) for New York City's specialized public high schools, in an effort to ..."
https://www.gothamgazette.com/state/11002-predictions-experts-2022-new-york-politics,Predictions! Experts Look Ahead to 2022 in New York Politics,Gotham Gazette,"Dec 29, 2021", -Mayor Adams issues the first veto of a bill passed by the City Council in more than 8 years. -Governor Hochul proposes a four-year plan to ...
https://www.gothamgazette.com/component/tags/tag/eric-adams??page=6&start=250,,,"Brooklyn Borough President Eric Adams and New York City Council Member Ben Kallos of Manhattan, both Democrats, announced new legislation last week that would ...","Brooklyn Borough President Eric Adams and New York City Council Member Ben Kallos of Manhattan, both Democrats, announced new legislation last week that would ..."
https://www.gothamgazette.com/city/10245-democratic-mayoral-candidates-education-policy-positions-nyc-schools,Democratic Mayoral Candidates Stake Out Education Policy Positions,Allison Smith,"Mar 11, 2021"," Gotham Gazette is an online publication covering New York policy and politics as well as news on public safety, transportation, education, ..."
https://www.gothamgazette.com/component/tags/tag/ruben-diaz-jr,,,... SHSAT. Mayor de Blasio announces specialized high schools plan (photo," (SHSAT) for New York City's specialized public high schools, in an effort to ..."
https://www.gothamgazette.com/politics/130-opinion/9673-school-segregationist-dog-whistle-becomes-bullhorn-new-york-city,When the School Segregationist Dog Whistle Becomes a Bullhorn,"Rigodis Appling, Diana Nevins, Olayemi Olurin & Jason Wu","Aug 14, 2020"," Gotham Gazette is an online publication covering New York policy and politics as well as news on public safety, transportation, education, ..."
https://www.gothamgazette.com/topics?id=130:fix-the-budget&catid=67:city-homepage&start=1620,Opinion,,"Gotham Gazette is an online publication covering New York policy and politics as well as news on public safety, transportation, education, finance and more.","Gotham Gazette is an online publication covering New York policy and politics as well as news on public safety, transportation, education, finance and more."
https://www.gothamgazette.com/component/tags/tag/andrew-cuomo?start=225,,,... SHSAT. Mayor de Blasio announces specialized high schools plan (photo," (SHSAT) for New York City's specialized public high schools, in an effort to ..."
https://www.gothamgazette.com/130-opinion/10220-expanding-educational-opportunities-youngest-learners-pre-k-3k,Expanding Educational Opportunities for Our Youngest Learners,Juan Ardila,"Mar 3, 2021"," Gotham Gazette is an online publication covering New York policy and politics as well as news on public safety, transportation, education, ..."
https://www.gothamgazette.com/city/130-opinion?comments?post_id=2326&start=1617,Opinion,,"Sep 5, 2018"," Gotham Gazette is an online publication covering New York policy and politics as well as news on public safety, transportation, education, ..."
https://www.gothamgazette.com/130-opinion/7619-a-closer-look-at-this-year-s-specialized-high-school-admissions,A Closer Look at This Year’s Specialized High School Admissions,Larry Cary,"Apr 18, 2018"," Critics of the test used for admitting students to New York City's specialized high schools -- Brooklyn Tech, Stuyvesant, Bronx Science, and ..."
https://www.gothamgazette.com/city/10361-teachers-union-uft-grills-final-four-mayoral-race-endorsement,Teachers Union Grills 'Final Four' Candidates in Its Mayoral Race Endorsement Process,Allison Smith,"Apr 9, 2021"," Gotham Gazette is an online publication covering New York policy and politics as well as news on public safety, transportation, education, ..."
https://www.gothamgazette.com/component/tags/tag/albany,,,"Seth Agata, who JCOPE - the Joint Commission on Public Ethics - says it hired after a nine-month,"," The Week Ahead in New York Politics, March 21. New York ..."
https://www.gothamgazette.com/component/tags/tag/rent-regulation,,,"The Week That Was in New York Politics, June 15-19. week in review bus readers. photo: Stanley Kubrick via Museum of the City of New York. Gotham Gazette's Week ...","The Week That Was in New York Politics, June 15-19. week in review bus readers. photo: Stanley Kubrick via Museum of the City of New York. Gotham Gazette's Week ..."
https://www.gothamgazette.com/posts/8405,"Ruben Diaz Jr. on the Bronx Jail Plan, Specialized High Schools and His Initial 2021 Pitch",Savannah Jacobson,"Gotham Gazette is an online publication covering New York policy and politics as well as news on public safety, transportation, education, finance and more.","Gotham Gazette is an online publication covering New York policy and politics as well as news on public safety, transportation, education, finance and more."
https://www.gothamgazette.com/state/8167-predictions-experts-look-ahead-to-2019-in-new-york-politics,Predictions! Experts Look Ahead to 2019 in New York Politics,Gotham Gazette,"Dec 31, 2018"," -Meatless Mondays will take the city by storm, and government agencies will take a fresh look at their food procurement policies, with both ..."
https://www.gothamgazette.com/city?s=3&start=552,City,,"Apr 9, 2021"," Gotham Gazette is an online publication covering New York policy and politics as well as news on public safety, transportation, education, ..."
https://www.gothamgazette.com/city/11776-race-election-asian-opportunity-brooklyn-city-council-district-43,Race for New ‘Asian Opportunity’ Brooklyn City Council District Set to Take Off,Samar Khurshid,"Jan 10, 2023"," Gotham Gazette is an online publication covering New York policy and politics as well as news on public safety, transportation, education, ..."
https://www.gothamgazette.com/city/8769-new-york-city-waist-deep-school-desegregation-conversation-how-did-we-get-here-de-blasio,New York City is Waist-Deep in a School Desegregation Conversation - How Did We Get Here?,Ethan Geringer-Sameth,"Sep 3, 2019"," Gotham Gazette is an online publication covering New York policy and politics as well as news on public safety, transportation, education, ..."
https://www.gothamgazette.com/city/8726-diversity-group-s-second-set-of-recommendations-expected-soon-will-take-on-school-admissions,School Diversity Group’s Second Set of Recommendations Expected Soon; Will Take on Admissions Policies,Samantha Handler,"Aug 8, 2019"," Gotham Gazette is an online publication covering New York policy and politics as well as news on public safety, transportation, education, ..."
https://www.gothamgazette.com/city/10872-mayor-elect-eric-adams-biggest-campaign-promises,Mayor-Elect Eric Adams’ Biggest Campaign Promises,Ethan Geringer-Sameth,"Nov 2, 2021"," Gotham Gazette is an online publication covering New York policy and politics as well as news on public safety, transportation, education, ..."
https://www.gothamgazette.com/state/8635-how-de-blasio-fared-in-albany-2019-cuomo,How De Blasio Fared in Albany This Year,Samar Khurshid,"Jun 25, 2019"," Gotham Gazette is an online publication covering New York policy and politics as well as news on public safety, transportation, education, ..."
https://www.gothamgazette.com/state?news_php?news=69&start=660,State,,Rent regulations impacting about 1 million New York City apartments home to 2 million people are set to expire June 15. State lawmakers and Governor Cuomo have ...,Rent regulations impacting about 1 million New York City apartments home to 2 million people are set to expire June 15. State lawmakers and Governor Cuomo have ...
https://www.gothamgazette.com/city/10457-democratic-mayoral-candidates-issues-immigrants,Democratic Mayoral Candidates Talk Issues of Importance to Immigrant Communities,Grace Getman,"May 10, 2021"," Gotham Gazette is an online publication covering New York policy and politics as well as news on public safety, transportation, education, ..."
https://www.gothamgazette.com/state/7940-republican-slate-seeks-to-end-statewide-drought,Republican Slate Seeks to End Statewide Drought,Ben Brachfeld & Samar Khurshid,"Sep 19, 2018"," Gotham Gazette is an online publication covering New York policy and politics as well as news on public safety, transportation, education, ..."
https://www.gothamgazette.com/city/10559-maya-wileys-school-choice-education-segregation-mayor,Maya Wiley's School Choice,Ethan Geringer-Sameth,"Jun 17, 2021"," Gotham Gazette is an online publication covering New York policy and politics as well as news on public safety, transportation, education, ..."
https://www.gothamgazette.com/city/10472-first-2021-tv-debate-democratic-primary-nyc-mayor,5 Key Takeaways from the First Official 2021 Mayoral Debate,Samar Khurshid,"May 14, 2021"," Gotham Gazette is an online publication covering New York policy and politics as well as news on public safety, transportation, education, ..."
https://www.gothamgazette.com/city/10573-free-for-all-flushing-city-council-election-koo,Free-for-All in Flushing as Voters Choose Next City Council Member,Carmen Vintro,"Jun 18, 2021"," Gotham Gazette is an online publication covering New York policy and politics as well as news on public safety, transportation, education, ..."
https://www.gothamgazette.com/city/9015-major-challenges-decisions-for-de-blasio-in-2020,"Many Major Challenges, Decisions for De Blasio in 2020",Samar Khurshid,"Jan 7, 2020"," Gotham Gazette is an online publication covering New York policy and politics as well as news on public safety, transportation, education, ..."
https://www.gothamgazette.com/city/11031-mayor-eric-adams-albany-agenda-state-policy-funding-nyc-hochul-budget,"Adams to Present Albany Agenda, React to Hochul Budget",Samar Khurshid,"Feb 8, 2022"," Gotham Gazette is an online publication covering New York policy and politics as well as news on public safety, transportation, education, ..."
https://www.gothamgazette.com/component/tags/tag/andrew-cuomo?start=200,,,"In April, the New York City Council rose to that challenge with a series of bills that sets a high-water mark for urban climate action across the globe. Mayor ...","In April, the New York City Council rose to that challenge with a series of bills that sets a high-water mark for urban climate action across the globe. Mayor ..."
https://www.gothamgazette.com/city/8965-assembly-to-evaluate-mayor-control-of-city-schools-for-first-time-under-recent-reforms,Assembly to Evaluate Mayoral Control of City Schools for First Time Under Recent Reforms,Samar Khurshid,"Dec 3, 2019"," Gotham Gazette is an online publication covering New York policy and politics as well as news on public safety, transportation, education, ..."
https://www.gothamgazette.com/city/10553-future-immigrant-communities-brooklyn-city-council-race-cd38,Future of Immigrant Communities the Focus of Brooklyn City Council Race,Amanda Salazar,"Jun 9, 2021"," Gotham Gazette is an online publication covering New York policy and politics as well as news on public safety, transportation, education, ..."
https://www.gothamgazette.com/component/tags/tag/education?start=75,,,Where To Go with Mayoral Control. mayor school crowd. Mayor de Blasio at school (photo: Michael Appleton/Mayor's Office) ...,Where To Go with Mayoral Control. mayor school crowd. Mayor de Blasio at school (photo: Michael Appleton/Mayor's Office) ...
http://www.gothamgazette.com/component/tags/tag/andrea-stewart-cousins?start=25,,,Hours-long lines for early voting in New York City have become the latest fodder for New York's highest elected officials to renew calls to overhaul the New ...,Hours-long lines for early voting in New York City have become the latest fodder for New York's highest elected officials to renew calls to overhaul the New ...
https://www.gothamgazette.com/city/10068-andrew-yang-announces-2021-candidacy-new-york-city-mayor,Andrew Yang Announces Candidacy for New York City Mayor,Samar Khurshid & Ben Max,"Jan 13, 2021"," Gotham Gazette is an online publication covering New York policy and politics as well as news on public safety, transportation, education, ..."
https://www.gothamgazette.com/city/10589-park-slope-brooklyn-political-launching-pad-city-council-race,"In Brooklyn Political Launching Pad, Another Highly Competitive Council Race",Laura Glesby & Kira Silbergeld,"Jun 20, 2021"," If elected, Hanif would be both the first Muslim woman and the first South Asian woman elected to the New York City Council, along with being ..."
https://www.gothamgazette.com/city?s=3&start=1212,City,,"Apr 10, 2019"," After more than five years as New York City's Deputy Mayor for Housing and Economic Development, Alicia Glen recently left City Hall, having ..."
https://www.gothamgazette.com/city/9071-public-advocate-williams-delivers-first-state-of-the-people-speech,Williams Delivers First ‘State of the People’ Speech as Public Advocate,Samar Khurshid,"Jan 23, 2020"," Gotham Gazette is an online publication covering New York policy and politics as well as news on public safety, transportation, education, ..."
https://www.gothamgazette.com/city/10766-nypd-public-safety-western-queens-city-council-caban-kalan,Differing Visions for Public Safety in Western Queens City Council Race,Carmen Vintro,"Sep 15, 2021"," Gotham Gazette is an online publication covering New York policy and politics as well as news on public safety, transportation, education, ..."
https://www.gothamgazette.com/component/tags/tag/education?start=200,,,Mayor Bill de Blasio's control of the New York City school system is only good for the rest of this week. The state Legislature ended its scheduled legislative ...,Mayor Bill de Blasio's control of the New York City school system is only good for the rest of this week. The state Legislature ended its scheduled legislative ...
https://www.gothamgazette.com/state/9009-predictions-experts-look-ahead-to-2020-in-new-york-politics,Predictions! Experts Look Ahead to 2020 in New York Politics,Ben Max,"Dec 24, 2019"," More Senate Republicans will abandon their sinking ship. Kathryn Wylde, Partnership for New York City The “courtesy” of ceding all zoning and ..."
https://www.gothamgazette.com/state/8746-city-government-s-most-outspoken-republican-on-de-blasio-trump-and-the-future-of-the-gop-in-new-york,"City Government’s Most Outspoken Republican on De Blasio, Trump, and the Future of the GOP in New York",Joey Fox,"Aug 19, 2019"," Gotham Gazette is an online publication covering New York policy and politics as well as news on public safety, transportation, education, ..."
https://www.gothamgazette.com/city/8312-what-jumaane-williams-has-promised-to-do-as-public-advocate,Public Advocate-Elect Jumaane Williams' Promises and Positions,Samar Khurshid,"Feb 27, 2019"," Gotham Gazette is an online publication covering New York policy and politics as well as news on public safety, transportation, education, ..."
https://www.gothamgazette.com/city?id=127:trying-again-to-change-the-drug-laws&catid=68:eye-on-albany&start=612,State,,"Sep 2, 2019", What to watch for this week in New York politics: Mayor de Blasio was back in the city to march in a wet West Indian Day parade in Brooklyn on ...
https://www.gothamgazette.com/state/8998-issues-to-watch-in-albany-in-2020-budget-new-york-city,Issues to Watch in the 2020 Legislative Session in Albany,Samar Khurshid,"Dec 18, 2019"," Gotham Gazette is an online publication covering New York policy and politics as well as news on public safety, transportation, education, ..."
https://www.gothamgazette.com/politics/130-opinion?start=2240,Opinion,,"Battling Albany is the oldest pastime in New York City politics. However, as Mayor Bill de Blasio continues to lobby for home rule and maneuver legislative ...","Battling Albany is the oldest pastime in New York City politics. However, as Mayor Bill de Blasio continues to lobby for home rule and maneuver legislative ..."
