link,headline,author,date_published,snippet
https://amsterdamnews.com/news/2025/11/06/bronx-legends-boxing-academy-builds-opportunity-for-youth/,Bronx Legends Boxing Academy: A different boxing gym is born in The Bronx,,2025 ›,"body, the Academy strengthens minds with upcomingSHSATand SAT tutoring, mandatory strength and conditioning"
https://amsterdamnews.com/news/2025/11/06/bronx-legends-boxing-academy-builds-opportunity-for-youth/,Bronx Legends Boxing Academy: A different boxing gym is born in The Bronx,,2025 ›,"body, the Academy strengthens minds with upcomingSHSATand SAT tutoring, mandatory strength and conditioning"
https://amsterdamnews.com/news/2025/11/06/bronx-legends-boxing-academy-builds-opportunity-for-youth/,Bronx Legends Boxing Academy: A different boxing gym is born in The Bronx,,2025 ›,"body, the Academy strengthens minds with upcomingSHSATand SAT tutoring, mandatory strength and conditioning"
https://amsterdamnews.com/news/2025/10/23/wild-swings-in-second-debate-adams-and-cuomo-team-up/,More wild swings in 2nd mayoral debate; ex-rivals Adams and Cuomo team up against Mamdani,,2025 ›,"and the Specialized High Schools Admissions Test (SHSAT), and build affordable housing “competently.” Cuomo"
https://amsterdamnews.com/news/2025/10/17/mayoral-debate-mamdani-cuomo-sliwa-spar/,Head to Head: Breaking down what candidates said at the first mayoral debate,,2025 ›,Keep the Specialized High Schools Admissions Test (SHSAT)
https://amsterdamnews.com/news/2025/10/16/nyc-mayoral-candidates-clash-over-gifted-and-talented-program/,Candidates split on future of NYC’s gifted and talented program,,2025 ›,"High Schools Admissions Test (SHSAT) in place. Historically, theSHSAThas been criticized for excluding ... slammed Mamdani’s “repeated flip-flopping on theSHSAT.”"
https://amsterdamnews.com/news/2025/08/14/urban-agenda-broken-ladder-nycs-elite-high-schools-continue-to-shut-out-black-and-latino-students/,URBAN AGENDA: Broken Ladder: NYC’s Elite High Schools Continue to Shut Out Black and Latino Students,,2025 ›,"The Specialized High School Admissions Test (SHSAT), the sole criterion for entry into these elite ... studies have shown that standardized tests like theSHSATare not reliable predictors of long-term academic"
https://amsterdamnews.com/news/2025/08/14/op-ed-i-am-a-discovery-student-at-bronx-science-my-shsat-score-doesnt-define-me/,OP-ED: I am a Discovery student at Bronx Science. My SHSAT score doesn’t define me.,,2025 ›,"based on one number: an applicant’s score on theSHSAT, which stands for the Specialized High School Standardized ... When I took theSHSATalongside about 26,000 eighth graders, I remember"
https://amsterdamnews.com/news/2024/12/20/nyc-voted-to-renew-controversial-shsat-testing-contact/,NYC voted to renew controversial SHSAT testing contract,,2024 ›,controversial Specialized High School Admissions Test (SHSAT) testing contract for New York City public schools ... has been designing and administering the city’sSHSATpaper exam for decades. It has come under stark
https://amsterdamnews.com/news/2024/08/29/urban-agenda-end-apartheid-in-admissions-to-nycs-elite-high-schools/,URBAN AGENDA: End Apartheid in Admissions to NYC’s Elite High Schools,,2024 ›,"mess, the Specialized High School Admissions Test (SHSAT), which is the primary standard for admission to ... specialized schools that voluntarily adopted theSHSATtest decades ago. In fact, the mayor could argue"
https://amsterdamnews.com/news/2023/10/02/nycs-high-school-admissions-process-opens-oct-3-heres-what-families-should-know/,NYC’s high school admissions process opens Oct. 3. Here’s what families should know.,,2023 ›,"the Specialized High Schools Admissions Test, orSHSAT— the sole metric by which eight of the city’s prestigious ... Families will have until Oct. 27 to register for theSHSAT."
https://amsterdamnews.com/news/2023/06/29/summer-break-education-delays/,"This summer break, let’s combat education delays",,2023 ›,for the Specialized High School Admission Test (SHSAT) and helps high school students practice for their ... child has the fundamentals. But a test like theSHSATis geared to test students at a higher level—it’s
https://amsterdamnews.com/news/2023/06/06/op-ed-educational-apartheid-nyc-specialized-high-school-admissions-system-leads-to-diabolical-number-of-black-students/,OP-ED: Educational Apartheid NYC? Specialized High School Admissions system leads to diabolical number of Black students,,2023 ›,"of the Specialized High School Admissions Test (SHSAT), a 3-hour long, 114 question test of reading comprehension ... I would assert that theSHSATis the most challenging High School entrance exam"
https://amsterdamnews.com/news/2022/10/06/bring-back-old-math/,Bring back old math!,,2022 ›,"works with students all over NYC on test prep (SAT,SHSAT, State Assessments) and educational enrichment through"
https://amsterdamnews.com/news/2022/09/15/under-new-bill-nyc-will-lower-class-sizes/,"Under new bill, NYC will lower class sizes",,2022 ›,"programs, AP courses, Specialized High Schools (SHSAT) and other in-demand middle and high schools,” Chu’s"
https://amsterdamnews.com/news/2022/04/21/successfully-prepping-students-for-the-specialized-high-school-admission-test/,Successfully prepping students for the Specialized High School Admission Test,,2022 ›,"challenges of theSHSAT. The state assessment track is akin to that of a tamed stable horse, theSHSATtrack is ...SHSAT(Specialized High School Admission Test) results came out on the evening of Monday, April 11. We"
https://amsterdamnews.com/news/2022/04/21/banks-and-adams-expand-gifted-and-talented-programs-why/,BANKING ON EQUITY: Expanded schools initiatives take center stage,,2022 ›,School Admissions Test (SHSAT). ... Banks talked to the AmNews about theSHSATsand what it means to the ... “…We’ve advocated in the past against theSHSATexam as it was created with racist intent and has
https://amsterdamnews.com/news/2022/03/17/chancellor-banks-addresses-confusion-over-admissions-policy/,Chancellor Banks addresses confusion over admissions policy,,2022 ›,counting the Specialized High School Admissions Test (SHSAT) would leave many of their students out in the cold
https://amsterdamnews.com/news/2022/01/27/mark-tatums-life-a-series-of-twists-and-turns/,Mark Tatum’s life a series of twists and turns,,2022 ›,via the specialized high schools admission test (SHSAT) and knew exactly what he wanted to do with his
https://amsterdamnews.com/news/2021/06/17/separatetogether-report-new-york-state-most-segreg/,Separate/Together Report: New York State most segregated in U.S. for Black students,,2021 ›,"classroom will have the same resources, ending theSHSATand reforming the high school admissions process ... on the Specialized High School Admissions Test (SHSAT). They believe that the exam is their children’s"
https://amsterdamnews.com/news/2021/03/18/urban-agenda-suit-seeks-dismantle-caste-system-cit/,URBAN AGENDA: Suit Seeks to Dismantle “Caste System” in City’s Education System,,2021 ›,"test, the Specialized High School Admissions Test (SHSAT). The crown jewel of the city’s elite high schools"
https://amsterdamnews.com/news/2021/01/27/de-blasio-carranza-look-upend-admissions-process/,De Blasio & Carranza look to upend the admissions process,,2021 ›,eliminate the Specialized High School Admissions Test (SHSAT). ... as low-income New Yorkers themselves and see theSHSATas the only way out for their children.
https://amsterdamnews.com/news/2020/07/02/suru-afariogunhigh-school-class-2020/,Suru Afariogun––Middle School Class of 2020,,2020 ›,opportunities. My son had a full scholarship for theSHSATprep thanks to the partnership of the PTA and Admission
https://amsterdamnews.com/news/2019/08/15/chancellor-carranza-does-damage-control/,Chancellor Carranza does damage control,,2019 ›,The strategy of focusing on theSHSATis disingenuous at best. The exam is controlled
https://amsterdamnews.com/news/2019/05/16/urban-agenda-big-money-preserve-institution-segreg/,URBAN AGENDA: “Big Money” to Preserve an Institution of Segregation,,2019 ›,"you consider that 5,488 black students took theSHSAT– the extracurricular exam that is the sole admissions ... citywide, rather than rely on rank order scores on theSHSAT. The admissions policy the mayor put for forward"
https://amsterdamnews.com/news/2019/05/10/carranza-sticks-his-guns-fights-change-shsat/,"Carranza sticks to his guns, fights for change to SHSAT",,2019 ›,Carranza and De Blasio want to eliminate theSHSATand replace it with a policy that admits the top ... school segregation around the city and not just theSHSAT. Liu said that while he finds the test gap among
https://amsterdamnews.com/news/2019/04/04/urban-agenda-new-yorks-segregated-school-system-em/,URBAN AGENDA: New York’s Segregated School System is an Embarrassment,,2019 ›,"took the Specialized High Schools Admissions Test (SHSAT), the highest scores of which get you into Stuyvesant ... proficiency on standardized state exams (which, unlikeSHSAT, everyone takes and are actually connected to what"
https://amsterdamnews.com/news/2019/03/28/new-shsat-results-show-low-admission-numbers-black/,New SHSAT results show low admission numbers of Black/Brown students,,2019 ›,"Assembly Speaker Carl Heastie about changing theSHSAT, de Blasio said he has resigned himself to the issue ... sociology at Queens College, has been a critic of theSHSATonline. Hsin spoke about the exam and said it was"
https://amsterdamnews.com/news/2019/03/19/few-black-hispanic-students-admitted-nycs-speciali/,"Few Black, Hispanic students admitted to NYC’s specialized high school",,2019 ›,"the Specialized High School admissions test, orSHSAT, this year."
https://amsterdamnews.com/news/2018/11/29/tackling-test-prep-harlem/,Tackling test prep at the Harlem Y Dec. 1,,2018 ›,"Contemporaneous with the administration of the mockSHSAT, AdmissionSquad members will discuss their programmatic"
https://amsterdamnews.com/news/2018/07/02/bp-eric-adams-states-his-shsat-position/,BP Eric Adams states his SHSAT position,,2018 ›,"services for every student who wants to take theSHSATbut faces economic hardship, which I believe the ... with admissions considerations that include theSHSATand academic portfolio standards such as class rank"
https://amsterdamnews.com/news/2018/06/14/education-bill-levels-playing-field-black-and-lati/,Education bill levels playing field for Black and Latino students in specialized high schools,,2018 ›,achieve this goal by phasing out the use of theSHSATover three years. The bill will require new admission
https://amsterdamnews.com/news/2018/06/14/urban-agenda-mayor-takes-aim-segregated-elite-high/,URBAN AGENDA: Mayor Takes Aim at Segregated Elite High Schools,,2018 ›,"high schools rely on a single, separate test, theSHSAT, for their admissions. A test without a passing ... income students from underserved communities whoseSHSATscores just miss the cutoff to gain entry through"
https://amsterdamnews.com/news/2018/06/07/fix-pipeline-specialized-high-schools/,Fix the pipeline for specialized high schools,,2018 ›,"sweeping changes that would ultimately remove theSHSAT, currently the sole criteria for admittance, as ... also had one more thing in common. We passed theSHSAT. We were proud of this achievement. It was our reward"
https://amsterdamnews.com/news/2018/06/07/specialized-high-school-test/,Specialized Prejudice: Protest as Mayor calls to end specialized high school test,,2018 ›,bill A.10427 in favor of outright eliminating theSHSAT. New York State Assembly Member Inez Dickens supports ... doesn’t mean all legislators are on board withSHSATreform.
https://amsterdamnews.com/news/2018/05/10/heaf-solution-heap-admissions-crisis/,A HEAF solution to a heap of an admissions crisis?,,2018 ›,"change the structure of the entrance exam, theSHSAT, to shoot for a more diverse admission pool. Although ... a small group of middle school students for theSHSAT, at a time when funding for Discovery Programs (the"
https://amsterdamnews.com/news/2018/04/05/urban-agenda-unmet-promises-mayor-educational-equi/,URBAN AGENDA - Unmet Promises: The Mayor & educational equity,,2018 ›,"broader advocacy against theSHSAT. We even argued for using theSHSATfor 80 percent of the offers for ... the Specialized High Schools Admissions Test (SHSAT), was the cause."
https://amsterdamnews.com/news/2018/03/15/cas-prep-navigate-maze-achievement-cheer-specializ/,CAS Prep & Navigate the Maze to Achievement cheer specialized high schools’ students’ success,,2018 ›,Bedford-Stuyvesant community. CAS Prep has been providingSHSATTest Prep and enrichment services for the past five ... the two companies partnered on a project to bringSHSATtest prep services to NTMA while Cas Prep continued
https://amsterdamnews.com/news/2018/02/22/those-numbers-lack-black-and-brown-students-specia/,Up those numbers: The lack of Black and Brown students at specialized high schools,,2018 ›,Black and Hispanic students taking and passing theSHSAT. They listed several programs recently implemented ... high-needs students who have achieved a score on theSHSATthat is within a certain range below the minimum
https://amsterdamnews.com/news/2017/11/30/urban-agenda-racial-inequity-reigns-supreme-citys/,URBAN AGENDA: Racial inequity reigns supreme in city’s elite high schools,,2017 ›,Admissions Test (SHSAT). The NYC Department of Education continues to use rank-orderSHSATscores as the
https://amsterdamnews.com/news/2017/06/15/urban-agenda-mayors-diversity-plan-gets-failing-gr/,URBAN AGENDA: Mayor’s Diversity Plan Gets a Failing Grade,,2017 ›,"for the Specialized High Schools Admissions Test (SHSAT). But last year’s initiatives led to absolutely ... needs to make a public acknowledgement that theSHSAT, is not the mechanism by which merit can be fairly"
https://amsterdamnews.com/news/2017/06/01/educators-raise-10k-sponsor-20-shsat-prep-scholars/,Educators raise $10K to sponsor 20 SHSAT prep scholarships in the Black community,,2017 ›,"this program, students are being prepared for theSHSATprep along with  Common Core Test Prep, ELA and ... raise $10,000 for 20 middle schoolers to take aSHSATcourse. The goal was reached in 15 months but donations"
https://amsterdamnews.com/news/2017/03/30/chancellor-farina-kicks-summer-city-applications/,Chancellor Fariña kicks off Summer in the City applications,,2017 ›,"Latino testers, but 26 percent of Black and LatinoSHSAToffers."
https://amsterdamnews.com/news/2016/11/17/sam-adewumi-teaching-students-sky-not-even-their-l/,Sam Adewumi teaching students that the sky is not even their limit,,2016 ›,"Bedford-Stuyvesant that focuses on preparing students for theSHSAT—in 2012 to deal with this issue. “These are schools ... CAS offersSHSATprep, Common Core Test Prep and as well as ELA and"
https://amsterdamnews.com/news/2016/11/03/great-shsat-prep-program-heart-brooklyn/,A great SHSAT prep program in the heart of Brooklyn,,2016 ›,"CAS Prep offersSHSATprep and Common Core test prep, as well as ELA and ... for students who wish to prepare for next year’sSHSAT."
https://amsterdamnews.com/news/2016/06/09/free-camp-shsat-preparation-announced/,Free camp for SHSAT preparation announced,,2016 ›,Hudson Guild announced a freeSHSATpreparation camp that will run July 5 to Aug. 19 ... student entering sixth through eighth grade. TheSHSATcamp is free and will take place every weekday from
https://amsterdamnews.com/news/2016/03/10/urban-agenda-specialized-high-schools-black-studen/,Urban Agenda: Specialized High Schools to Black Students: Maybe Next Year,,2016 ›,"For years now, the use of a single test, theSHSAT, to determine admissions into the city’s eight specialized ... about 44 percent were black and Latino) took theSHSAT. They were vying for 5,106 open seats. Of that number"
https://amsterdamnews.com/news/2015/11/05/tale-two-cities-worthy-mayors-scorn/,A `Tale of Two Cities’ worthy of the Mayor’s scorn,,2015 ›,"as the Specialized High Schools Admissions Test (SHSAT), which education experts agree is arbitrary, inaccurate ... (NYDOE) has admitted that it has never studied theSHSATto determine whether it predicts success in the"
https://amsterdamnews.com/news/2015/03/19/study-desired-criteria-specialized-high-schools-me/,"Study: Desired criteria for specialized high schools means fewer Blacks, Latinos",,2015 ›,admissions rules based on criteria other than theSHSATwould moderately alter the demographic mix of specialized ... alternatives to the current practice of using theSHSATas the sole basis for admission.
https://amsterdamnews.com/news/2014/12/18/specialized-high-school-alums-rally-favor-exam/,Specialized high school alums rally in favor of exam,,2014 ›,"addition to theSHSAT. But the report also attacked the test itself. ... “TheSHSATis not aligned to ... report, titled “The Meaning of Merit,” called theSHSATan “arbitrary” and “unfair” measure to judge students"
https://amsterdamnews.com/news/2014/06/12/uft-comes-out-favor-fairer-admissions-process-spec/,UFT comes out in favor of ‘fairer’ admissions process for specialized schools,,2014 ›,"city’s top high schools,” said Felder. “While theSHSATprovides some measure of assessing a student’s academic"
https://amsterdamnews.com/news/2013/10/31/new-report-challenges-merit-single-test-admission/,New report challenges merit of single-test admission for specialized high schools,,2013 ›,that the Specialized High School Admissions Test (SHSAT) is an “arbitrary” and “unfair” measure to judge ... exams and teacher recommendation on top of theSHSAT. But that wasn’t before the report attacked the
https://amsterdamnews.com/news/2012/02/02/diversity-is-key-at-specialized-high-schools/,Diversity is key at specialized high schools,,2012 ›,"Admissions Test (SHSAT). On Oct. 29 and 30, thousands of New York City students sat for theSHSAT, all hoping ... prepared and take theSHSAT. ... 4. Provide scalable test prep for theSHSAT."
