link,headline,author,date_published,snippet
https://www.nydailynews.com/2025/10/24/ny-top-court-tosses-challenge-of-nyc-schools-admissions-to-gifted-programs-specialized-high-schools/,"NY top court tosses challenge of NYC schools admissions to gifted programs, specialized high schools",Cayla Bamberger,2025-10-24 15:45:15,New York's highest court has thrown out a years-long legal challenge to selective admissions at...
https://www.nydailynews.com/2025/10/14/readers-sound-off-on-trumps-doj-rights-of-the-accused-and-elite-high-schools/,"Readers sound off on Trump’s DOJ, rights of the accused and elite high schools",Voice of the People,2025-10-14 03:00:56,"Yonkers: Re ""Smearing Tish James"" (editorial, Oct. 10): This is pure liberal, woke ideology and..."
https://www.nydailynews.com/2025/10/11/cuomo-vows-double-number-nyc-specialized-high-schools-build-new-one-queens/,Cuomo calls for more specialized high schools amid controversy over Mamdani education stance,Nicholas Williams,2025-10-11 17:45:10,Independent mayoral candidate Andrew Cuomo said  Saturday he plans to add more specialized high schools...
https://www.nydailynews.com/2025/08/07/zohran-mamdani-shsat-specialized-high-school-exam/,"Zohran Mamdani, once against the specialized high school admissions exam, explains his turnaround",Cayla Bamberger,2025-08-07 17:43:04,"After changing his stance during the primaries, the Democratic mayoral nominee went into greater depth..."
https://www.nydailynews.com/2025/07/31/racial-disparities-widen-in-nyc-specialized-high-schools/,Racial disparities widen in NYC specialized high schools,Cayla Bamberger,2025-07-31 22:10:02,At the center of the controversy is that eight schools rely on a single test...
https://www.nydailynews.com/2025/07/24/readers-sound-off-on-a-cuomo-victims-payout-stopping-pipelines-and-mistreating-animals/,"Readers sound off on a Cuomo victim’s payout, stopping pipelines and mistreating animals",Voice of the People,2025-07-24 03:00:28,"Stamford, Conn.: New York State’s payment of $450,000 to settle Brittany Commisso’s sexual harassment lawsuit..."
https://www.nydailynews.com/2024/12/18/nyc-education-panel-approves-digital-version-of-exam-to-specialized-high-schools/,NYC education panel approves digital version of exam to specialized high schools,Cayla Bamberger,2024-12-18 23:36:05,"Members of the Panel for Educational Policy had been reluctant to pass the contract, after..."
https://www.nydailynews.com/2024/12/18/the-nyc-school-system-must-reject-this-contract/,The NYC school system must reject this contract,Kemala Karmen,2024-12-18 05:00:23,"The Panel for Educational Policy, the city’s school board, will vote Wednesday on whether to..."
https://www.nydailynews.com/2024/12/11/nyc-parents-sound-off-on-entrance-exam-for-specialized-high-schools-ahead-of-high-profile-vote/,NYC parents sound off on entrance exam for specialized high schools ahead of high-profile vote,Cayla Bamberger,2024-12-11 21:43:17,The Panel for Educational Policy is set to vote next week on a $17-million contract...
https://www.nydailynews.com/2024/11/23/push-to-digitize-nyc-entrance-exam-for-specialized-high-schools-reignites-equity-debate/,Push to digitize NYC entrance exam for specialized high schools reignites equity debate,Cayla Bamberger,2024-11-23 16:00:52,"The SHSAT is used to determine admissions at eight specialized high schools citywide, including Brooklyn..."
https://www.nydailynews.com/2024/06/21/smarter-answer-on-high-school-test-add-other-factors-for-specialized-admissions/,Smarter answer on high school test: Add other factors for specialized admissions,New York Daily News Editorial Board,2024-06-21 04:00:10,"Another year, another dispiriting set of results for those who care about the city’s eight..."
https://www.nydailynews.com/2024/05/15/city-still-paying-big-for-ex-mayors-shortcuts/,City still paying big for ex-mayor’s shortcuts,Richard Steier,2024-05-15 05:00:11,When city officials late last month settled for $2.1 million a lawsuit brought by three...
https://www.nydailynews.com/2024/05/07/putting-the-test-to-the-test-nycs-specialized-high-school-exam-does-not-aim-to-exclude-minorities/,Putting the test to the test: NYC’s Specialized High School exam does not aim to exclude minorities,New York Daily News Editorial Board,2024-05-07 04:00:46,A state appellate court reversed a lower court’s dismissal of a lawsuit that claims New...
https://www.nydailynews.com/2023/11/30/nycs-high-school-admissions-maze/,NYC’s high school admissions maze,Stacy Sullivan,2023-11-30 05:00:01,"I had always heard that applying to high school in New York City was complex,..."
https://www.nydailynews.com/2023/07/30/make-education-fairer-for-all-specialized-high-schools-must-open-up/,Make education fairer for all: Specialized high schools must open up,Rodneyse Bichotte Hermelyn,2023-07-30 05:00:01,The Supreme Court's decision to gut affirmative action in higher education is a devastating blow...
https://www.nydailynews.com/2023/06/12/admit-it-already-a-single-entry-test-for-the-nyc-specialized-high-schools-has-to-be-reformed/,Admit it already: A single entry test for the NYC specialized high schools has to be reformed,New York Daily News Editorial Board,2023-06-12 04:10:00,This page has long defended the single-test admission system for the city's elite high schools....
https://www.nydailynews.com/2023/02/14/embattled-principal-at-laguardia-high-for-arts-resigns-after-backlash-over-academics/,Embattled principal at LaGuardia High for arts resigns after backlash over academics,Cayla Bamberger,2023-02-14 18:03:18,"An embattled principal at the rigorous arts school that inspired the movie ""Fame"" — and..."
https://www.nydailynews.com/2022/10/01/admission-possible-nyc-high-school-and-middle-school-admissions-changes-are-a-step-forward/,Admission: possible: NYC high-school and middle-school admissions changes are a step forward,New York Daily News Editorial Board,2022-10-01 04:10:00,There's no tougher task in New York City government than meeting the needs of deeply...
https://www.nydailynews.com/2022/09/10/mayor-and-chancellor-please-keep-merit-based-admissions/,"Mayor and chancellor, please keep merit-based admissions",Contributed Content,2022-09-11 20:32:23,"As students head back to school this week, many public school families are already thinking..."
https://www.nydailynews.com/2022/08/14/nyc-parents-are-heading-to-the-exits-open-more-school-doors-to-keep-them/,NYC parents are heading to the exits. Open more school doors to keep them.,Ian Rowe,2022-08-14 05:00:06,New York parents experienced a new level of dissatisfaction this year when the city's Department...
https://www.nydailynews.com/2022/07/13/how-to-build-educational-equity-and-excellence/,How to build educational equity and excellence,Richard Parsons,2022-07-13 05:00:05,"As New York City strives to build a more equitable public education system, beginning at..."
https://www.nydailynews.com/2022/03/22/raising-the-educational-bar-in-every-neighborhood-mayor-adams-and-chancellor-banks-must-expand-gifted-and-talented-programs/,Raising the educational bar in every neighborhood: Mayor Adams and Chancellor Banks must expand gifted and talented programs,Kirsten John Foy,2022-03-22 05:00:00,As the Adams administration begins the critical work of laying out a new vision for...
https://www.nydailynews.com/2022/02/13/down-the-high-school-rabbit-hole-how-to-apply-in-38-simple-steps/,"Down the high school rabbit hole: How to apply, in 38 simple steps",Contributed Content,2022-02-13 05:00:01,Applying to high school in New York City is easy and equitable. Ready? Let's go!...
https://www.nydailynews.com/2021/11/25/time-to-truly-empower-nys-parents/,Time to truly empower N.Y.’s parents,Rob Astorino,2021-11-25 05:00:02,"A day after Republicans swept many key elections nationwide earlier this month, the New York..."
https://www.nydailynews.com/2021/07/13/public-defender-running-for-city-council-sues-legal-aid-for-labeling-her-racist/,Public defender running for City Council sues Legal Aid for labeling her ‘racist’,Stephen Rex Brown,2021-07-13 16:59:59,"A Legal Aid Society public defender who spoke out against city schools' ""anti-bias"" training has..."
https://www.nydailynews.com/2021/05/30/integrate-our-high-school-three-hunter-students-speak-out/,Integrate our high school: Three Hunter students speak out,Contributed Content,2021-05-30 05:00:00,"As mayoral candidates debate the future of New York City's schools, this month the city..."
https://www.nydailynews.com/2021/05/05/test-prep-isnt-the-answer-to-make-nycs-selective-high-schools-more-diverse-itll-take-a-much-broader-push/,"Test prep isn’t the answer: To make NYC’s selective high schools more diverse, it’ll take a much broader push",Contributed Content,2021-05-05 05:00:01,"Every year, the abysmally low number of Black and Latino students admitted to New York..."
https://www.nydailynews.com/2021/05/03/women-candidates-for-nyc-mayor-share-vision-for-recovery/,Women candidates for NYC mayor share vision for recovery,Shant Shahrigian,2021-05-03 19:31:04,"Forget Hizzoner, New York may finally be ready for Herhonor. With the Democratic primary less..."
https://www.nydailynews.com/2021/05/01/de-blasio-failed-the-test-how-he-shouldve-opened-specialized-high-schools-to-more-black-and-latino-new-yorkers/,De Blasio failed the test: How he should’ve opened specialized high schools to more Black and Latino New Yorkers,Tom Allon,2021-05-01 09:38:23,Like so much else in New York City during the past eight years of the...
https://www.nydailynews.com/2021/04/19/influential-nyc-teachers-union-endorses-scott-stringer-for-mayor/,Influential NYC teachers union endorses Scott Stringer for mayor,Shant Shahrigian,2021-04-19 19:05:56,The United Federation of Teachers announced Monday it is endorsing city Comptroller Scott Stringer for...
https://www.nydailynews.com/2021/04/07/andrew-yang-goes-on-defensive-at-teachers-union-forum-for-nyc-mayoral-candidates/,Andrew Yang goes on defensive at teachers’ union forum for NYC mayoral candidates,Shant Shahrigian,2021-04-07 19:25:42,Four leading candidates for mayor of New York City voiced support for many teachers' union...
https://www.nydailynews.com/2021/02/07/nyc-mayoral-wannabe-maya-wiley-backs-tax-hikes-for-wealthy-other-progressive-bills/,"NYC mayoral wannabe Maya Wiley backs tax hikes for wealthy, other progressive bills",Shant Shahrigian,2021-02-07 19:07:28,The state should raise taxes on the wealthy and slap a tax on Wall Street...
https://www.nydailynews.com/2020/12/06/save-these-schools-keep-the-shsat-for-city-schools-especially-this-year/,"Save these schools: Keep the SHSAT for city schools, especially this year",New York Daily News Editorial Board,2020-12-06 09:05:34,"Mayor de Blasio and Schools Chancellor Richard Carranza can grouse all they like, but the..."
https://www.nydailynews.com/2020/12/04/keep-this-years-shsat-the-admissions-exam-for-new-york-citys-top-high-schools-must-go-forward-during-covid/,Keep this year’s SHSAT: The admissions exam for New York City’s top high schools must go forward during COVID,Larry Cary,2020-12-04 05:00:01,"About 30,000 students are waiting to take the Specialized High School Admissions Test (SHSAT), which..."
https://www.nydailynews.com/2020/11/30/nyc-suspend-high-stakes-admission-tests/,"NYC, suspend high-stakes admission tests",Contributed Content,2020-11-30 05:00:01,We are members of the dwindling Black populations at Stuyvesant and Hunter College High Schools...
https://www.nydailynews.com/2020/10/23/nyc-education-groups-hold-opposing-rallies-over-fate-of-controversial-admissions-rules/,NYC education groups hold opposing rallies over fate of controversial admissions rules,Michael Elsen-Rooney,2020-10-23 19:27:06,Dueling rallies squared off Friday in a heated confrontation over the city Education Department's looming...
https://www.nydailynews.com/2020/09/03/a-blueprint-to-desegregating-nyc-what-the-next-mayor-can-do-since-de-blasio-has-checked-out/,"A blueprint to desegregating NYC: What the next mayor can do, since de Blasio has checked out",Errol Louis,2020-09-03 01:00:00,"Someday in the future — soon, I hope — New York will wake up and..."
https://www.nydailynews.com/2020/07/27/black-public-defenders-blast-racist-white-colleague-running-for-city-council-over-school-integration-issues/,Black public defenders blast ‘racist’ white colleague running for City Council over school integration issues,Noah Goldberg,2020-07-27 19:25:07,A white public defender running for City Council is facing backlash from her Black colleagues...
https://www.nydailynews.com/2020/05/27/readers-sound-off-on-energy-opening-churches-and-dangerous-drivers/,"Readers sound off on energy, opening churches and dangerous drivers",Voice of the People,2020-05-26 23:00:00,"The future is clean, green energy Albany: The Daily News Editorial Board is choosing to..."
https://www.nydailynews.com/2020/04/15/how-the-coronavirus-is-exacerbating-the-education-opportunity-gap/,How the coronavirus is exacerbating the education opportunity gap,Kirsten John Foy,2020-04-15 11:25:21,"As students, parents and teachers across New York City have had to adjust to remote..."
https://www.nydailynews.com/2020/02/23/a-way-forward-for-top-tier-high-schools-expand-the-number-of-academic-options-in-queens-introduce-an-admissions-lottery/,"A way forward for top-tier high schools: Expand the number of academic options in Queens, introduce an admissions lottery",Contributed Content,2020-02-23 00:00:16,"At an angry town hall meeting in Queens this past week, Mayor de Blasio said..."
https://www.nydailynews.com/2020/02/19/de-blasios-education-blind-spot-parental-choice/,De Blasio’s education blind spot: Parental choice,Ray Domanico,2020-02-19 02:00:14,The post-de Blasio years have begun — albeit 22 months before the nominal end of...
https://www.nydailynews.com/2019/10/10/success-on-the-shsat-is-about-reading-not-race/,"Success on the SHSAT is about reading, not race",Contributed Content,2019-10-10 16:50:00,"In a few days, registration will close for this year's SHSAT, New York City's standardized..."
https://www.nydailynews.com/2019/09/29/how-bill-cheated-on-the-test-mayor-de-blasio-gave-up-on-overhauling-elite-school-admissions-but-did-he-ever-really-try/,"How Bill cheated on the test: Mayor de Blasio gave up on overhauling elite school admissions, but did he ever really try?",Harry Siegel,2019-09-29 07:15:25,"""Our most prestigious public high schools aren't just routes to opportunity for deserving students and..."
https://www.nydailynews.com/2019/09/27/de-blasios-makeup-test-the-mayors-right-call-on-leaving-alone-the-specialized-high-schools-admissions-exam/,De Blasio’s makeup test: The mayor’s right call on leaving alone the specialized high schools’ admissions exam,New York Daily News Editorial Board,2019-09-27 00:05:06,"He needed a lot of extra time, but Mayor de Blasio has finally finished the..."
https://www.nydailynews.com/2019/09/03/the-shsat-isnt-racist-a-careful-look-at-the-hecht-calandra-law-shows-it-was-not-motivated-by-bigotry-nor-did-it-initially-harm-blacks-and-hispanics/,"The SHSAT isn’t racist: A careful look at the Hecht-Calandra law shows it was not motivated by bigotry, nor did it initially harm blacks and Hispanics",Larry Cary,2019-09-03 02:00:05,"As we prepare for a new school year, expect a return to the polarizing debate..."
https://www.nydailynews.com/2019/08/27/how-to-improve-not-end-gifted-talented-education-in-new-york-city/,"How to improve, not end, gifted & talented education in New York City",Contributed Content,2019-08-27 15:10:45,"For me, the news that the mayor's School Diversity Advisory Group recommends eliminating gifted and..."
https://www.nydailynews.com/2019/06/29/being-black-at-stuyvesant-two-students-on-what-its-like-for-african-americans-at-the-specialized-high-school/,Being black at Stuyvesant: Two students on what it’s like for African Americans at the specialized high school,Gordon Ebanks,2019-06-29 07:16:24,"In recent years, the lack of black and Latino students at New York City's specialized..."
https://www.nydailynews.com/2019/06/27/congrats-kids-stuyvesant-bronx-science-and-brooklyn-tech-students-graduate-and-an-ill-considered-reform-bill-dies-again/,"Congrats, kids: Stuyvesant, Bronx Science and Brooklyn Tech students graduate, and an ill-considered reform bill dies again",New York Daily News Editorial Board,2019-06-27 00:05:37,Yesterday was graduation day at Stuyvesant and Bronx Science. Seniors at the third specialized high...
https://www.nydailynews.com/2019/06/25/de-blasios-shsat-learning-curve-the-city-is-fighting-his-reform-plans-he-and-richard-carranza-should-back-down/,De Blasio’s SHSAT learning curve: The city is fighting his reform plans; he and Richard Carranza should back down,Larry Cary,2019-06-25 13:07:43,Now that the city's attempt to eliminate the Specialized High School Admissions Test has failed...
https://www.nydailynews.com/2019/06/21/for-stuyvesant-co-theres-a-third-way-we-can-diversify-the-schools-without-forcing-out-high-achieving-asian-american-students/,"For Stuyvesant & Co., there’s a third way: We can diversify the schools without forcing out high-achieving Asian-American students",Contributed Content,2019-06-21 01:00:43,There's a way forward in the polarizing debate about admission standards for New York City's...
https://www.nydailynews.com/2019/06/04/a-better-way-to-diversify-elite-schools-dont-scrap-the-test-just-dont-make-it-gameable/,"A better way to diversify elite schools: Don’t scrap the test, just don’t make it gameable",Jacob Gross,2019-06-04 01:00:51,Mayor de Blasio and other advocates are right to be concerned about the lack of...
https://www.nydailynews.com/2019/06/02/an-education-in-equity-mayor-de-blasio-and-chancellor-carranza-opt-for-symbolism-on-school-integration-and-equal-opportunity/,An education in equity: Mayor de Blasio and Chancellor Carranza opt for symbolism on school integration and equal opportunity,Harry Siegel,2019-09-27 13:06:31,When the federal Office of Civil Rights in 1977 charged New York City with running...
https://www.nydailynews.com/2019/05/31/de-blasio-approval-among-city-voters-fell-after-launching-presidential-campaign-poll/,De Blasio approval among city voters fell after launching presidential campaign: poll,Anna Sanders,2019-06-01 00:05:14,Mayor de Blasio's approval rating among city voters took a hit after he launched a...
https://www.nydailynews.com/2019/05/17/why-65-years-later-school-segregation-persists-new-york-city-is-a-perfect-case-study/,"Why, 65 years later, school segregation persists: New York City is a perfect case study",Noliwe Rooks,2019-05-17 02:00:44,"On this day 65 years ago, the U.S. Supreme Court declared that schools in the..."
https://www.nydailynews.com/2019/05/17/readers-sound-off-on-gpas-criminal-justice-reform-and-maximum-security/,"Readers sound off on GPAs, criminal justice reform and Maximum Security",Voice of the People,2019-05-16 23:00:30,A high GPA doesn't mean success Forest Hills: Jumanne Williams and all those in favor...
https://www.nydailynews.com/2019/05/12/readers-sound-off-on-mothers-day-ruben-diaz-sr-and-patriotism/,"Readers sound off on Mother’s Day, Ruben Diaz Sr. and patriotism",Voice of the People,2019-05-11 23:00:20,"Mom's got your back on field and off University Park, Ill.: In the wake of..."
https://www.nydailynews.com/2019/05/11/put-nyc-in-charge-of-elite-school-admissions-repeal-the-state-law-taking-this-authority-away-from-the-mayor-and-city-department-of-education-with-a-five-year-phaseout/,"Put NYC in charge of elite school admissions: Repeal the state law taking this authority away from the mayor and city Department of Education, with a five-year phaseout",David Bloomfield,2019-05-11 01:00:27,"A statute called Hecht-Calandra is the beating heart of the fierce debate over the SHSAT,..."
https://www.nydailynews.com/2019/05/10/ny-politicians-spar-over-elite-high-school-admission-testing/,NY politicians spar over elite high school admission testing,Trevor Boyer,2019-05-12 14:57:41,Tempers flared at a public hearing Friday in Lower Manhattan over a State Assembly bill...
https://www.nydailynews.com/2019/05/09/trash-the-test-civil-rights-groups-urge-cuomo-and-lawmakers-to-scrap-specialized-high-school-admission-exam/,Trash the test: Civil rights groups urge Cuomo and lawmakers to scrap specialized high school admission exam,Leonard Greene,2019-05-09 19:00:39,A coalition of civil rights and social justice activists is calling on top Albany leaders...
https://www.nydailynews.com/2019/04/28/look-beyond-stuyvesant-high-schools-across-the-city-show-that-black-and-latino-students-can-soar-in-the-right-environments-with-the-right-leaders/,"Look beyond Stuyvesant: High schools across the city show that black and Latino students can soar in the right environments, with the right leaders",Efrem Sigel,2019-05-01 14:47:47,"Nearly 330,000 young people in New York attend 600 high schools — a fascinating, often..."
https://www.nydailynews.com/2019/04/17/kids-can-rise-to-this-challenge-the-right-response-to-low-specialized-high-schools-admissions-rates-for-blacks-and-latinos-is-to-fix-the-system/,Kids can rise to this challenge: The right response to low Specialized High Schools admissions rates for blacks and Latinos is to fix the system,Kirsten John Foy,2019-04-17 15:08:26,"When my kids fall short of a goal, we talk about what went wrong and..."
https://www.nydailynews.com/2019/04/14/readers-sound-off-on-the-constitution-metrocards-and-comics/,"Readers sound off on the Constitution, MetroCards and comics",Voice of the People,2019-04-13 23:00:04,"This is not what the Founders wanted Flushing: When our forefathers wrote the Constitution, they..."
https://www.nydailynews.com/2019/04/11/no-excuse-for-segregation-in-praise-of-richard-carranza-for-pressing-hard-to-integrate-new-york-citys-specialized-high-schools/,No excuse for segregation: In praise of Richard Carranza for pressing hard to integrate New York City’s specialized high schools,Errol Louis,2019-04-11 01:00:39,"The high stakes of de Blasio administration's effort to desegregate the city's public schools, like..."
https://www.nydailynews.com/2019/04/10/nyc-school-desegregation-program-meant-to-diversify-elite-high-schools-comes-up-short/,NYC school desegregation program meant to diversify elite high schools comes up short,Ben Chapman,2019-04-10 20:19:59,A program meant to diversify the city's infamously segregated specialized high schools failed to admit...
https://www.nydailynews.com/2019/04/02/welcome-back-to-test-insanity-new-york-states-ever-changing-standardized-tests-in-english-and-math-are-here-again/,Welcome back to test insanity: New York State’s ever-changing standardized tests in English and math are here again,Fred Smith,2019-04-02 13:39:12,Opening day for this year's tests has arrived. But the annual New York testing program...
https://www.nydailynews.com/2019/04/02/boys-need-test-based-specialized-high-school-admissions/,Boys need test-based Specialized High School admissions,Contributed Content,2019-04-02 08:09:20,Mayor de Blasio's plan to eliminate the Specialized High Schools Admissions test will hurt boys....
https://www.nydailynews.com/2019/03/27/keep-the-test-change-the-system-fixing-specialized-high-schools-shouldnt-be-an-either-or-conversation/,"Keep the test, change the system: Fixing specialized high schools shouldn’t be an either-or conversation",Jumaane Williams,2019-03-27 01:00:02,"I'm a public school baby, from pre-school to Master's. And all the way up, my..."
https://www.nydailynews.com/2019/03/20/keep-the-high-school-admissions-test-but-give-more-blacks-and-latinos-the-tools-to-succeed/,"Keep the high-school admissions test, but give more blacks and Latinos the tools to succeed",Contributed Content,2019-03-21 15:43:14,"When the results of the Specialized High School Admissions Test came out this week, the..."
https://www.nydailynews.com/2019/03/20/de-blasio-and-cuomo-at-a-loss-on-what-to-do-about-racial-and-gender-disparity-at-elite-city-public-schools/,De Blasio and Cuomo at a loss on what to do about racial and gender disparity at elite city public schools,Ben Chapman,2019-03-21 15:55:26,Diversifying the city's specialized high schools is on its way to becoming a game of...
https://www.nydailynews.com/2019/03/20/how-private-tutoring-makes-an-unequal-education-system-even-less-fair/,How private tutoring makes an unequal education system even less fair,Contributed Content,2019-03-21 16:54:26,I went to one of the best colleges in the country. Thank my fourth-grade math...
https://www.nydailynews.com/2019/03/20/demolish-the-meritocracy-myth-no-the-specialized-high-school-exam-is-not-a-fair-admissions-screen-its-discriminatory/,"Demolish the meritocracy myth: No, the specialized high school exam is not a fair admissions screen; it’s discriminatory",Richard Buery,2019-03-20 08:35:59,"When I attended Stuyvesant High School in the 1980s, I was one of about 180..."
https://www.nydailynews.com/2019/03/18/fewer-black-and-hispanic-kids-got-offers-at-nyc-specialized-high-schools-like-bronx-science-stuyvesant-and-brooklyn-tech/,"Fewer black and Hispanic kids got offers at NYC specialized high schools like Bronx Science, Stuyvesant and Brooklyn Tech",Ben Chapman,2019-03-18 17:43:49,Fewer black and Hispanic kids were offered seats in the city’s elite specialized high schools...
https://www.nydailynews.com/2019/02/20/its-the-peer-effect-stupid-what-makes-schools-like-stuyvesant-great-its-not-test-based-admission-but-a-broader-culture-of-excellence/,"It’s the peer effect, stupid: What makes schools like Stuyvesant great? It’s not test-based admission, but a broader culture of excellence",Contributed Content,2019-02-20 05:01:11,The controversy over how to admit kids to New York City’s selective high schools has...
https://www.nydailynews.com/2019/01/07/readers-sound-off-on-school-tests-the-clintons-and-race-in-the-nfl/,"Readers sound off on school tests, the Clintons and race in the NFL",Voice of the People,2019-01-08 10:43:27,"Culture, not race, defines admissions Bronx: Jamaal Bowman calls for ending “racial segregation” of the..."
https://www.nydailynews.com/2019/01/01/you-said-it-the-year-in-voice-of-the-people-3/,You said it: The year in Voice of the People,New York Daily News Editorial Board,2019-01-01 04:00:32,"Three hundred and sixty-four days of the year, this page is home to the voice..."
https://www.nydailynews.com/2018/12/26/de-blasio-vs-great-middle-schools-his-plan-to-end-the-shsat-would-devastate-the-best-junior-highs-in-new-york/,De Blasio vs. great middle schools: His plan to end the SHSAT would devastate the best junior highs in New York,Contributed Content,2018-12-26 05:00:54,Mayor de Blasio’s plan to improve diversity at specialized high schools will have collateral damage:...
https://www.nydailynews.com/2018/12/17/school-choice-the-right-way-think-smartly-and-compassionately-about-how-to-find-the-best-education-for-your-child/,"School choice, the right way: Think smartly and compassionately about how to find the best education for your child",Allison Roda,2018-12-17 05:00:32,"Across the New York metropolitan area this holiday season, choice is not just about which..."
https://www.nydailynews.com/2018/12/15/de-blasios-attempt-to-reduce-the-number-of-asian-american-students-in-the-discovery-program-is-unconstitutional/,De Blasio’s attempt to reduce the number of Asian-American students in the Discovery Program is unconstitutional,Contributed Content,2018-12-15 14:00:35,"New York City’s specialized high schools are the envy of the nation. Schools like Stuyvesant,..."
https://www.nydailynews.com/2018/12/05/stop-relying-on-just-one-test-mayor-de-blasio-is-right-to-try-to-want-to-turn-away-from-the-shsat-high-school-admissions-exam/,Stop relying on just one test: Mayor de Blasio is right to try to want to turn away from the SHSAT high school admissions exam,Contributed Content,2018-12-11 17:46:22,"When I was younger, I dreamed of going to the High School of American Studies,..."
https://www.nydailynews.com/2018/11/11/todays-kids-tomorrows-employees-amazon-and-google-may-be-expanding-here-but-new-york-citys-schools-arent-preparing-kids-for-that-future/,"Today’s kids, tomorrow’s employees: Amazon and Google may be expanding here, but New York City’s schools aren’t preparing kids for that future",Larry Cary,2018-12-11 23:37:53,With media reports about Google possibly expanding its operations in New York City and creating...
https://www.nydailynews.com/2018/09/18/readers-sound-off-on-high-school-tests-immigration-and-metoo-charges/,"Readers sound off on high school tests, immigration and #MeToo charges",Voice of the People,2018-12-12 17:58:18,Go beyond the test for school admissions Manhattan: Schools Chancellor Richard Carranza makes the valid...
https://www.nydailynews.com/2018/09/06/scrap-the-shsat-for-diversitys-sake-mayor-de-blasio-is-right-about-selective-high-schools/,"Scrap the SHSAT, for diversity’s sake: Mayor de Blasio is right about selective high schools",Arva Rice,2018-12-12 17:08:22,"This week, as students walk into New York City’s top-performing high schools on the first..."
https://www.nydailynews.com/2018/08/30/ending-single-test-selective-high-school-admission-a-good-idea-if-done-right/,"Ending single-test selective high-school admission: A good idea, if done right",Adam Tyner,2018-12-12 21:13:11,New York City’s eight selective high schools are rightfully sought after. Most consistently rank near...
https://www.nydailynews.com/2018/08/29/at-stuyvesant-a-principal-leaves-as-the-shsat-debate-swirls/,"At Stuyvesant, a principal leaves as the SHSAT debate swirls",Contributed Content,2018-12-12 21:06:58,"Monday evening, the wildly popular principal of Stuyvesant High School, Eric Contreras, hit us with..."
https://www.nydailynews.com/2018/08/07/winging-the-test-de-blasios-shsat-reform-ignored-key-evidence/,Winging the test: De Blasio’s SHSAT reform ignored key evidence,New York Daily News Editorial Board,2018-12-12 19:25:30,Even as Mayor de Blasio was pushing a bad plan to scrap the single admission...
https://www.nydailynews.com/2018/08/06/critics-blast-city-for-hiding-study-that-debunks-de-blasios-plan-to-desegregate-elite-high-schools/,Critics blast city for hiding study that debunks de Blasio’s plan to desegregate elite high schools,Ben Chapman,2018-12-12 19:24:33,Critics are blasting the city for burying the results of an official study that throws...
https://www.nydailynews.com/2018/07/30/lawmakers-stage-fresh-push-against-mayor-de-blasios-school-desegregation-plan/,Lawmakers stage fresh push against Mayor de Blasio’s school desegregation plan,Ben Chapman,2018-12-12 23:33:40,A group of lawmakers and activists is mounting a fresh push against Mayor de Blasio’s...
https://www.nydailynews.com/2018/07/26/how-about-building-more-great-high-schools/,How about building more great high schools?,Contributed Content,2018-12-12 23:10:48,Call it New York City’s version of Groundhog Day. Instead of waiting for a tiny...
https://www.nydailynews.com/2018/07/17/diversify-elite-schools-for-all-asian-american-students-have-to-learn-better-lessons/,"Diversify elite schools, for all: Asian-American students have to learn better lessons",Contributed Content,2018-12-12 22:32:04,I am a first-generation Asian-American who fought my way into Stuyvesant High School and beyond...
https://www.nydailynews.com/2018/06/26/the-shsat-is-fair-so-keep-it-argues-a-student-at-a-specialized-high-school/,"The SHSAT is fair — so keep it, argues a student at a specialized high school",Contributed Content,2018-12-13 08:06:08,The notion of a meritocracy — a system in which individuals are selected for positions...
https://www.nydailynews.com/2018/06/25/bass-ackward-bill-mayor-de-blasios-school-integration-priorities-are-out-of-order/,Bass-ackward Bill: Mayor de Blasio’s school integration priorities are out of order,New York Daily News Editorial Board,2018-12-13 08:01:59,"Having barely dipped his toe in the pool in his first term, Mayor de Blasio..."
https://www.nydailynews.com/2018/06/25/how-would-each-middle-school-be-affected-by-mayor-de-blasios-specialized-high-school-admissions-plan/,How would each middle school be affected by Mayor de Blasio’s specialized high school admissions plan?,New York Daily News,2018-12-12 21:24:38,This table displays offers of admission to eighth graders at each New York City public...
https://www.nydailynews.com/2018/06/22/reform-elite-high-schools-but-the-real-equity-fight-is-much-broader/,"Reform elite high schools, but the real equity fight is much broader",Pedro Noguera,2018-12-13 07:55:08,"At long last, the big policy issues related to race, educational equity and access in..."
https://www.nydailynews.com/2018/06/17/readers-sound-off-on-fifa-fathers-day-and-fonts/,"Readers sound off on FIFA, Father’s Day and fonts",Voice of the People,2018-12-13 07:33:10,"Learning from soccer diplomacy Woodside: In light of the latest G-7 summit in Canada, where..."
https://www.nydailynews.com/2018/06/16/de-blasio-diversity-us/,"De Blasio, diversity & us",Harry Siegel,2018-12-13 07:30:59,"Mayor de Blasio is right that our elite public high schools have a ""diversity problem,""..."
https://www.nydailynews.com/2018/06/14/keep-the-specialized-high-school-admissions-test-fix-k-8-education-throughout-the-city/,Keep the specialized high school admissions test; fix K-8 education throughout the city,Contributed Content,2018-12-13 07:23:43,The admissions criteria to New York City’s Specialized High Schools has recently come under fire...
https://www.nydailynews.com/2018/06/14/mayor-de-blasios-son-dante-says-the-shsat-the-elite-high-school-admissions-test-fostered-racism-at-brooklyn-tech/,"Mayor de Blasio’s son Dante says the SHSAT, the elite high school admissions test, fostered racism at Brooklyn Tech",Contributed Content,2018-12-13 07:25:23,"A year after I graduated from Brooklyn Technical High School in 2015, the hashtag #BlackinBrooklynTech..."
https://www.nydailynews.com/2018/06/14/de-blasios-specialized-high-school-admissions-fix-is-jeffersonian-in-the-best-sense/,"De Blasio’s specialized high school admissions fix is Jeffersonian, in the best sense",Mark Boonshoft,2018-12-13 07:23:04,"In the middle of the Revolutionary War, Thomas Jefferson proposed a comprehensive plan for education..."
https://www.nydailynews.com/2018/06/12/nycs-own-hunger-games-accelerated-schooling-too-scarce-for-all-students-who-merit-it/,NYC’s own ‘Hunger Games’: Accelerated schooling too scarce for all students who merit it,Nathan Newman,2018-12-13 07:13:55,Mayor de Blasio’s plan to diversify specialized high schools is critical in a city that...
https://www.nydailynews.com/2018/06/11/without-the-test-stuyvesant-wont-work/,"Without the test, Stuyvesant won’t work",Contributed Content,2018-12-13 07:07:36,"At the end of my sophomore year at Stuyvesant High School, my AP European History..."
https://www.nydailynews.com/2018/06/11/nix-this-admissions-test-a-recent-stuyvesant-grad-makes-the-case-against-the-shsat/,Nix this admissions test: A recent Stuyvesant grad makes the case against the SHSAT,Contributed Content,2018-12-13 07:07:36,“Let my people study.” A movement to keep the Specialized High School Standardized Admissions Test...
https://www.nydailynews.com/2018/06/08/readers-sound-off-on-the-mets-d-day-and-rudy/,"Readers sound off on the Mets, D-Day and Rudy",Voice of the People,2018-12-13 07:08:19,Lament half-empty good seats Brooklyn: I went to the Mets game Tuesday night and had...
https://www.nydailynews.com/2018/06/07/readers-sound-off-on-the-pride-and-puerto-rican-parades/,Readers sound off on the Pride and Puerto Rican parades,Voice of the People,2018-12-13 06:54:17,"Don’t pen us in at Pride Parade Ridgewood: On Sunday, I had the distinct pleasure..."
https://www.nydailynews.com/2018/06/05/more-diverse-specialized-schools-without-scrapping-the-admissions-test/,"More diverse specialized schools, without scrapping the admissions test",Contributed Content,2018-12-13 06:47:43,Mayor de Blasio this week called for doing away with the Specialized High School Admissions...
https://www.nydailynews.com/2018/06/05/readers-sound-off-on-specialized-high-schools-and-the-specialized-high-school-admissions-test/,Readers sound off on specialized high schools and the Specialized High School Admissions Test,Voice of the People,2018-12-13 07:08:21,"‘Specialized’ for a good reason Rockledge, Fla.: For almost 20 years, I have worked for..."
https://www.nydailynews.com/2018/06/05/start-diversifying-nycs-selective-high-schools-today-bold-moves-de-blasio-can-make-without-albany/,Start diversifying NYC’s selective high schools today: Bold moves de Blasio can make without Albany,Clara Hemphill,2018-12-13 06:48:34,Mayor de Blasio faces an uphill battle in Albany in his quest to get rid...
https://www.nydailynews.com/2018/06/05/desegregate-these-schools-de-blasio-is-right-to-focus-on-stuyvesant-bronx-science-and-other-elite-city-high-schools/,"Desegregate these schools: De Blasio is right to focus on Stuyvesant, Bronx Science and other elite city high schools",Errol Louis,2018-12-13 07:08:35,Mayor de Blasio’s long-overdue plan to desegregate the city’s top high schools is disappointingly timid...
https://www.nydailynews.com/2018/06/05/bill-games-the-elite-high-school-admissions-test/,Bill games the elite high school admissions test,New York Daily News Editorial Board,2018-12-13 07:41:38,In pursuit of the noble goal that the city’s elite high schools look more like...
https://www.nydailynews.com/2018/03/14/fewer-girls-than-boys-accepted-into-top-ny-high-schools-even-though-more-of-them-tried-out/,Fewer girls than boys accepted into top N.Y. high schools even though more of them tried out,Ben Chapman,2018-04-07 00:15:19,New city Education Department data shows that fewer girls than boys were accepted to the...
https://www.nydailynews.com/2018/03/08/elite-high-schools-see-no-boost-in-black-hispanic-students-after-changes-to-entrance-exams/,"Elite high schools see no boost in black, Hispanic students after changes to entrance exams",Ben Chapman,2018-04-07 00:42:45,Not even changes to long-used entrance exams were enough to get more black and Hispanic...
https://www.nydailynews.com/2017/03/08/de-blasios-shsat-test-changes-too-timid-to-improve-diversity-at-stuyvesant-bronx-science-brooklyn-tech-and-other-schools/,"De Blasio’s SHSAT test changes: Too timid to improve diversity at Stuyvesant, Bronx Science, Brooklyn Tech and other schools",Contributed Content,2018-04-06 17:44:54,"This past September, in keeping with a campaign promise by Mayor de Blasio to address..."
https://www.nydailynews.com/2016/11/03/exhausted-its-not-your-fault/,?Exhausted? It’s not your fault,Contributed Content,2018-04-08 11:09:30,Editor's note: This story was originally published by the school newspaper at Brooklyn Latin School...
https://www.nydailynews.com/2016/03/13/put-kids-on-a-path-to-stuyvesant-and-bronx-science-and-brooklyn-tech-early-test-all-pre-k-students-for-gifted-and-talented-programs/,"Put kids on a path to Stuyvesant, and Bronx Science, and Brooklyn Tech early: Test all pre-K students for gifted and talented programs",Eric Adams,2018-04-08 15:56:56,Even the most cynical observer has to be disturbed by the latest results of the...
https://www.nydailynews.com/2015/12/10/the-newsies-awards-honoree-poll-shows-bronx-science-students-reject-shsat-changes/,The Newsies! awards honoree: Poll shows Bronx Science students reject SHSAT changes,Sharmin Shaikh,2018-04-09 01:22:31,This story was originally published by the school newspaper at Bronx High School of Science...
https://www.nydailynews.com/2015/10/25/readers-sound-off-on-high-school-admissions-judges-and-grammar/,"Readers sound off on high school admissions, judges and grammar",Voice of the People,2018-04-09 02:39:27,"One test, one day, too much Manhattan: Larry Cary's Oct. 23 Op-Ed, ""Keep Stuy test,..."
https://www.nydailynews.com/2015/10/23/keep-stuy-test-but-get-students-ready/,"Keep Stuy test, but get students ready",Larry Cary,2018-04-09 03:27:11,"As many as 30,000 eighth graders will sit Saturday for the grueling Specialized High School..."
https://www.nydailynews.com/2015/10/18/with-more-than-400-free-public-high-schools-to-choose-from-new-york-city-families-must-choose-which-one-fits-their-needs-best/,"With more than 400 free public high schools to choose from, New York City families must choose which one fits their needs best",Ben Chapman,2018-04-09 02:39:27,The choice is yours. The families of city students face a serious challenge when it...
https://www.nydailynews.com/2015/03/06/black-hispanic-kids-shut-out-of-citys-specialized-high-schools-again-as-offers-come-out/,"Black, Hispanic kids shut out of city’s specialized high schools again as offers come out",Ben Chapman,2018-04-09 14:09:06,Black and Hispanic kids were once again mostly shut out of the city's specialized high...
https://www.nydailynews.com/2014/10/15/best-high-schools-key-dates-in-the-new-york-city-application-process/,Best High Schools: Key dates in the New York City application process,New York Daily News,2019-01-09 13:15:08,2014 Oct. 15-22 Late registration period for the Selective High Schools Admissions Test and LaGuardia...
https://www.nydailynews.com/2014/08/15/dont-tamper-with-citys-top-schools/,Don’t tamper with city’s top schools,Daniel J. Solomon,2019-01-09 14:46:28,"United Federation of Teachers leaders and state legislators, backed by Mayor de Blasio, are proposing..."
https://www.nydailynews.com/2014/06/25/fighting-the-model-minority-stereotype-new-yorks-first-korean-american-assemblyman-takes-on-elite-hs-entrance-tests/,"Fighting the model-minority stereotype, New York’s first Korean-American assemblyman takes on elite HS entrance tests",Lisa L. Colangelo,2018-04-13 14:05:56,State Assemblyman Ron Kim is advancing his mission to shatter Asian stereotypes by taking on...
https://www.nydailynews.com/2014/06/12/a-better-way-to-diversify-stuyvesant/,A better way to diversify Stuyvesant,Tom Allon,2019-01-09 16:18:00,"Three years ago, I spoke to a class at my alma mater, Stuyvesant High School...."
https://www.nydailynews.com/2013/10/16/high-school-application-calendar/,High school application calendar,New York Daily News,2019-01-09 21:57:48,2013 Oct. 18 - Release of Selective High Schools Admissions Test (SHSAT) ticket and LaGuardia...
https://www.nydailynews.com/2012/10/04/achievement-is-the-answer/,Achievement is the answer,John McWhorter,2019-01-10 08:36:42,You know that we've come a long way on civil rights when the NAACP Legal...
https://www.nydailynews.com/2012/10/01/stuyvesant-theres-a-better-way/,"Stuyvesant, there’s a better way",New York Daily News,2019-01-10 08:42:27,The civil rights complaint filed last week against the city's Department of Education by the...
https://www.nydailynews.com/2012/09/30/staking-too-much-on-one-test/,Staking too much on one test,New York Daily News,2019-01-10 08:42:19,Picture this: You've worked hard all of your life. You have the grades and academic...
https://www.nydailynews.com/2011/04/10/making-stuyvesant-a-place-for-all-too-few-minorities-attend-our-best-schools/,Making Stuyvesant a place for all: Too few minorities attend our best schools,Tom Allon,2019-01-13 03:41:57,"Last month, three Stuyvesant High School juniors made a video mocking a female African-American classmate...."
