link,headline,author,date_published,snippet
https://nypost.com/2025/06/21/us-news/nyc-socialist-mayoral-candidate-zohran-mamdani-a-fan-of-abolishing-shsat/,NYC socialist mayoral candidate Zohran Mamdani wanted to abolish high school exam because he thought it was racist,Rich Calder,"June 21, 2025 5:00pm","Socialist NYC mayoral candidate Zohran Mamdani once advocated for abolishing the city’s controversial admissions test for Gotham’s elite public high schools because he feels it’s too racist, The Post has learned."
https://nypost.com/2024/11/16/us-news/nyc-students-futures-could-be-derailed-over-delayed-shsat-vote/,NYC students' futures could be derailed over delayed vote on specialized HS exam,Deirdre Bardolf,"November 16, 2024 10:11am","Eight of New York City's elite, specialized high schools could be without a freshman class in 2026 if a contract to provide the admissions exam is not approved next week,..."
https://nypost.com/2024/12/14/us-news/fight-intensifies-over-shsat-for-nycs-specialized-high-schools/,Fight intensifies over entrance exam for NYC's specialized high schools as crucial contract renewal vote nears,Deirdre Bardolf,"December 14, 2024 12:04pm","Students, parents and activists kept up the fight for the Specialized High Schools Admissions Test ahead of a crucial vote next week when a sneak attack could torpedo the exam."
https://nypost.com/2024/12/19/us-news/contract-for-controversial-shsat-entrance-exam-into-elite-nyc-public-schools-granted-with-panel-vote/,Contract for controversial entrance exam into 'elite' NYC public schools granted with panel vote,Aneeta Bhole,"December 19, 2024 12:11am","The panel voted 14 to two -- with four abstentions -- to approve the renewal during the meeting at Sunset Park High School, which was packed with hundreds of students..."
https://nypost.com/2024/12/04/opinion/ny-public-school-families-fear-activists-will-nix-admissions-test-for-elite-high-schools/,Activist sneak attack could kill admissions test for NYC's elite high schools,Yiatin Chu and Lisa Marks,"December 4, 2024 8:50pm","Public school families are once again feeling a sense of dread — fearing the city won’t OK a contract for the Specialized High Schools Admission Test, which would leave their..."
https://nypost.com/2023/08/13/parents-beware-nyc-specialized-high-schools-are-coming-under-attack-again/,"Parents, beware: NYC specialized high schools are coming under attack again",Wai Wah Chin,"August 13, 2023 7:38pm",State Senate Minority Leader Rob Ortt and Assemblyman William Colton (D-Brooklyn) are calling on parents to prepare to mobilize as the Specialized High Schools Admissions Test is under attack yet...
https://nypost.com/2024/02/05/opinion/if-albany-doesnt-extend-mayoral-control-of-schools-many-nyc-students-are-doomed/,"If Albany doesn't extend mayoral control of schools, many NYC students are doomed",Ronald Lauder and Richard Parsons,"February 5, 2024 6:43pm",Their No. 1 priority? Eliminating mayoral control of our schools.
https://nypost.com/2023/08/20/how-nyc-mom-wai-wah-chin-helped-end-affirmative-action/,How a NYC mom-of-4 helped end affirmative action in college admissions,Josh Kosman,"August 20, 2023 6:37pm",New York City mom Wai Wah Chin was the secret weapon in the fight to end affirmative action in college admissions — leading to the Supreme Court's decision to outlaw...
https://nypost.com/2025/06/29/opinion/how-eric-adams-can-get-a-second-chance-and-beat-mamdani/,How Eric Adams can get a second chance — and beat Mamdani,John Ketcham,"June 29, 2025 9:37am","Adams has a shot in November’s general election — but he’s going to need to form a new coalition, and clear other candidates from the ballot, to do it."
https://nypost.com/2022/06/15/new-nyc-council-bills-would-widen-access-to-elite-public-high-schools/,New NYC Council bills intend to widen access to elite public high schools,Cayla Bamberger,"June 15, 2022 9:29pm",Three council members are planning to introduce a series of bills to improve access to the Big Apple's elite public high schools.
https://nypost.com/2024/11/30/us-news/world-renowned-nyc-school-facing-cash-crunch-that-could-gut-acclaimed-arts-programs-leading-families-to-ask-star-alums-for-help/,World-renowned  NYC school facing cash crunch that could gut acclaimed arts programs — leading families to ask star alums for help,Susan Edelman and Matthew Sedacca,"November 30, 2024 10:37am","LaGuardia High School is facing a cash deficit that could gut its arts programs, and some are hoping its A-list alumni can help bail them out."
https://nypost.com/2025/11/08/us-news/mamdanis-options-for-schools-chancellor-include-9-11-conspiracist-superintendent-who-bragged-about-hiring-on-race/,Mamdani's options to lead NYC schools include fire-alarm pulling Dem who wants a 'revolution',"Susan Edelman, David Spector, Gabrielle Fahmy and Craig McCarthy","November 8, 2025 12:26pm",Education watchers are anxious to learn who socialist Mayor-elect Zohran Mamdani will choose to serve as his next schools chancellor as he mulls multiple candidates.
https://nypost.com/2022/03/09/nyc-needs-to-improve-education-for-black-students/,"Improve education for Black students, don't undermine high-end schools",Laura Powell,"March 9, 2022 7:32pm",Specialized high schools aren't the problem. New York City's education for young Black students is.
https://nypost.com/2022/12/31/brooklyn-teen-discouraged-from-getting-into-stuyvesant-now-mit-bound/,"Brooklyn teen, discouraged from getting into Stuyvesant, now MIT-bound",Doree Lewak,"December 31, 2022 12:04pm","One Stuyvesant High School senior who was once told getting into the elite magnet school was “practically impossible,” just landed a spot at MIT – and is still waiting to..."
https://nypost.com/2022/11/16/harvard-student-rips-deblasio-for-trying-to-kill-shsat/,"Harvard students schooling 'Professor de Blasio' over NYC admission exams, anti-police anger",Brad Hamilton,"November 16, 2022 5:13pm","In his new role as a visiting teaching fellow at Harvard, Bill de Blasio was blasted by a male Hispanic student from Queens who ripped his attempt to end magnet..."
https://nypost.com/2021/12/09/high-school-guide-what-happens-now-with-admissions/,High School Guide: What happens now with admissions?,Alina Adams,"December 9, 2021 10:07am","Adams assumes office on Jan. 2, 2022. NYC parents are really hoping that they’ll hear something about how public school admissions will work before then."
https://nypost.com/2022/11/22/democrats-deny-subway-crime-but-voters-can-see-it-for-themselves/,Democrats deny subway crime but voters can see it for themselves,Yiatin Chu,"November 22, 2022 11:00pm",Nikole Hannah-Jones could not resist the urge to question the point I was making: that our current political leadership is not going to fix the crime problem in our subways.
https://nypost.com/2022/04/09/eric-adams-eyes-building-specialized-schools-in-each-nyc-borough/,Eric Adams floats building a new specialized school in each NYC borough,Conor Skelding,"April 9, 2022 7:35pm","Mayor Eric Adams proposes five new specialized high schools, one in each borough, with admissions criteria beyond standardized tests, according to a report."
https://nypost.com/2021/06/09/pro-accelerated-candidates-sweep-key-education-election-in-nyc/,Pro-accelerated learning candidates sweep key education election in Manhattan,Selim Algar,"June 9, 2021 7:43pm",The victory for parents who are pro-SHSAT comes in NYC's top academic district as they fight to keep the programs in place.
https://nypost.com/2022/09/29/nyc-changes-controversial-high-school-admissions-process/,NYC changes controversial high school admissions process,Cayla Bamberger,"September 29, 2022 11:08am","Schools Chancellor David Banks introduced the new policy, in which the top 15% of students in each school and citywide — with an average GPA of 90 or above —..."
https://nypost.com/2020/12/19/lawsuit-demands-doe-give-the-test-for-top-schools-in-30-days/,"NYC DOE must give test for top school entry in 30 days, lawsuit demands",Susan Edelman,"December 19, 2020 12:14pm","Parents of NYC students waiting to take the entry exam for the specialized high schools are being Scrooged by Mayor de Blasio, a new lawsuit complains. Several fed-up moms and..."
https://nypost.com/2022/06/17/nyc-parents-students-protest-new-high-school-admission-policies/,"Parents, students rally against new NYC high school admission policies",Cayla Bamberger,"June 17, 2022 8:23pm","Organized by the local group Parent Leaders for Accelerated Curriculum Education, the families demanded that the DOE reinstate rigorous admissions criteria to high schools across the five boroughs."
https://nypost.com/2020/11/13/de-blasio-says-elite-school-test-shsat-might-be-given-online/,De Blasio says elite school test SHSAT might be given online,Selim Algar,"November 13, 2020 3:10pm","Given the ongoing coronavirus surge, de Blasio said kids are not likely to take the test at a desk in front of a proctor."
https://nypost.com/2020/10/03/nyc-parents-worry-carranza-will-use-covid-19-to-cancel-shsat/,NYC parents worry Carranza will use COVID-19 as excuse to cancel the SHSAT,Susan Edelman,"October 3, 2020 5:34pm",The Department of Education’s high school handbook says the SHSAT will be given to 8th graders on Saturday Nov. 7 and Sunday Nov. 8.
https://nypost.com/2022/10/31/why-nyc-democrats-are-backing-republican-lee-zeldin-for-governor/,Why these NYC Dems are backing Republican Zeldin for gov,Dana Kennedy,"October 31, 2022 4:30pm","When a reporter from The Post knocked on the front doors of several homes in Queens where “Zeldin for Governor” signs are displayed, many residents inside said they consider themselves..."
https://nypost.com/2021/04/17/where-2021-nyc-mayoral-candidates-send-their-kids-to-school/,NYC mayoral candidate wants to end 'screens' that got her own kid into a top school,Susan Edelman,"April 17, 2021 7:04pm","As co-chair of the mayor’s School Diversity Advisory Group, Maya Wiley advocated to end the city’s Gifted and Talented program, the specialized high-school exam and all admission “screens” — calling..."
https://nypost.com/2021/11/13/ronald-lauder-plans-to-save-nyc-gifted-and-talented-program/,Billionaire Ronald Lauder plans to save gifted and talented program,Jon Levine,"November 13, 2021 11:59am","Cosmetics billionaire and philanthropist, Ronald Lauder is preparing a full-court press to save the city's gifted and talented program."
https://nypost.com/2021/04/30/dont-blame-the-test-for-lack-of-minorities-at-elite-nyc-high-schools/,Don't blame the test for the small number of minorities at elite NYC high schools,Seth Barron,"April 30, 2021 7:16pm",The class of ninth-graders that in September will enter the city’s eight “specialized high schools” — entry to which is determined solely by doing well on a standardized test —...
https://nypost.com/2021/01/19/nyc-department-of-education-posts-wrong-shsat-exam-information/,NYC DOE throws parents into tailspin after posting wrong exam information,Selim Algar,"January 19, 2021 4:19pm","The Department of Education threw some parents into a tailspin this weekend when it posted erroneous registration deadlines for the city's specialized high school exam. ""The deadline for SHSAT registration..."
https://nypost.com/2021/12/08/dont-let-bill-de-blasio-silence-parents-critical-of-city-education/,Don't let Bill de Blasio silence parents critical of city education,Maud Maron and Danyela Souza Egorov,"December 8, 2021 6:46pm","On his way out the door, Mayor Bill de Blasio is trying to sneak in a final blow to public-school families: a rule allowing the Department of Education to discipline..."
https://nypost.com/2021/05/15/attacking-test-in-schools-is-anti-asian/,Attacking test-in schools is anti-Asian,Post Editorial Board,"May 15, 2021 9:08pm","Dropping admission standards for the specialized high schools means sending in students who aren't prepared for the rigorous workload, which helps no one and robs others of the challenging education..."
https://nypost.com/2021/11/02/eric-adams-has-a-long-to-do-list-once-he-becomes-nyc-mayor/,Eric Adams has a long to-do list once he becomes NYC's next mayor,Seth Barron,"November 2, 2021 10:24pm",All of Mayor de Blasio and the city’s headaches will belong to Eric Adams the minute the ball drops in Times Square this New Year’s Eve.
https://nypost.com/2022/02/05/nycs-new-high-school-selection-setup-discounts-good-grades/,'What the hell?' Good grades barely matter in NYC's new HS application process,Susan Edelman and Mary Kay Linge,"February 5, 2022 11:45am","The Department of Education has unveiled its long-awaited new admission system, lowering the bar for entry into many competitive high schools."
https://nypost.com/2021/02/06/snowstorm-pushes-nyc-to-cancel-specialized-high-schools-exam/,Snowstorm pushes NYC to cancel specialized high schools exam,Susan Edelman,"February 6, 2021 7:23pm","The Department of Education has canceled the entry exam to the city’s specialized high schools due to the looming snowstorm. **ALERT!** 2/7 SHSAT RESCHEDULED,” the DOE posted on its website...."
https://nypost.com/2021/10/16/parents-students-in-limbo-as-nyc-dithers-on-high-school-admissions/,"Parents, students in limbo as NYC dithers on high school admissions",Susan Edelman and Mary Kay Linge,"October 16, 2021 2:11pm",Frustrated parents are blasting Mayor de Blasio and the city Department of Education as jittery eighth-graders agonize over this year's up-in-the-air high school selection process.
https://nypost.com/2020/10/17/carranzas-deputy-calls-school-admission-decisions-political/,Carranza's deputy calls decisions on school admissions criteria 'political',Susan Edelman,"October 17, 2020 7:24pm",A top deputy of schools Chancellor Richard Carranza stunned parents last week when she said decisions on admission criteria for the city’s top middle and high schools are “political.” “Anything...
https://nypost.com/2022/04/16/laguardia-fame-school-doesnt-impress-todays-youth/,Why today’s youth are no longer starstruck by LaGuardia ‘Fame School’,Mary Kay Linge,"April 16, 2022 10:30am","Why today's youth are no longer flocking to LaGuardia, the NYC high school renowned for churning out stars from Al Pacino to Timothée Chalamet."
https://nypost.com/2021/12/09/high-school-guide-the-specialized-elite-8/,High School Guide: The specialized Elite 8,Mary Kay Linge,"December 9, 2021 8:20am",New York City’s eight specialized high schools consistently rank among the best-performing secondary schools in the nation.
https://nypost.com/2021/12/09/best-high-school-choices-for-helping-a-career-in-nyc/,High School Guide: Best choices for helping a career,Mary Kay Linge,"December 9, 2021 8:39am",New York City’s public high schools boast a huge array of specialty tracks for students looking to explore a career path or cultivate a talent.
https://nypost.com/2021/04/22/mayoral-candidate-ray-mcguire-calls-for-reopened-schools-pre-k-for-toddlers/,"Mayoral candidate Ray McGuire calls for reopened schools, pre-k for toddlers",Nolan Hicks,"April 22, 2021 7:01pm",Mayoral candidate Ray McGuire pitched an ambitious plan to expand New York City’s pre-kindergarten programs to cover toddlers as part of his push to overhaul and improve the public school...
https://nypost.com/2021/12/09/high-school-guide-the-top-12-non-specialized-schools/,High School Guide: The top 12 non-specialized schools,Mary Kay Linge,"December 9, 2021 8:30am","With more than 400 public high schools to choose from, the options for New York City families can be overwhelming. Here are some of the city’s best."
https://nypost.com/2020/10/10/doe-exec-who-ditched-nyc-schools-for-georgia-recruits-staffer/,Too cool for NYC schools -- DOE exec who left for Georgia poaches staffer,Susan Edelman,"October 10, 2020 7:05pm","Another Department of Education exec is jumping ship — and this one was poached by an official who also ditched NYC schools, The Post has learned. Melissa Harris was promoted..."
https://nypost.com/2020/11/08/new-yorks-education-bureaucrats-put-the-kids-interests-last/,NY's education bureaucrats keep showing us that they put kids' interests last,Karol Markowicz,"November 8, 2020 6:50pm",The blows keeping coming for New York City school kids — with some of them specifically meant to hide just how disastrous this school year has become. The latest? The...
https://nypost.com/2020/12/26/college-freshman-running-to-replace-queens-councilman-barry-grodenchik/,College freshman running to replace Queens Councilman Barry Grodenchik,Sara Dorn,"December 26, 2020 5:02pm","He’s barely old enough to vote, but says he’s ready to be elected.  Seth Breland, an 18-year-old Democrat from Fresh Meadows, hopes to replace City Councilman Barry Grodenchik in Northeastern..."
https://nypost.com/2020/03/26/backers-of-elite-school-admissions-testing-laud-minority-tutoring-program-results/,Backers of elite school admissions testing laud minority tutoring program results,Selim Algar,"March 26, 2020 7:26pm",The big-name backers of specialized high school admissions testing claimed Thursday their pilot tutoring program for Latino and African American students was a success. Education Equity Campaign — which is...
https://nypost.com/2020/09/26/students-travel-far-and-wide-to-take-sat-amid-covid-19-cancellations/,Students are traveling thousands of miles to take SAT amid COVID-19 cancellations,Doree Lewak,"September 26, 2020 4:49pm",As SAT and ACT exams are canceled across the country — or full due to limited seating — high-school seniors are traveling thousands of miles to take the college admissions tests.
https://nypost.com/2020/08/03/de-blasio-fiddles-while-nyc-burns-and-other-commentary/,De Blasio fiddles while NYC burns and other commentary,Post Editorial Board,"August 3, 2020 7:35pm","Conservative: Blas Fiddles While Gotham Burns “New Yorkers sense the city, already reeling from the virus and the economic effects of the lockdown, is sinking into lawlessness,” warns National Review’s..."
https://nypost.com/2020/05/23/richard-carranza-resumes-nyc-anti-bias-workshops-remotely/,"Carranza resumes anti-bias workshops remotely, citing anti-Asian bigotry",Susan Edelman,"May 23, 2020 5:53pm","NYC schools Chancellor Richard Carranza is resuming implicit-bias training remotely for all Department of Education employees, saying for the first time the controversial sessions are needed because of bias against..."
https://nypost.com/2019/10/22/nyc-parents-fight-glitchy-doe-website-to-enroll-kids-in-school-admission-test/,NYC parents fight glitchy DOE website to enroll kids in school admission test,Selim Algar,"October 22, 2019 8:09pm","City parents are in a last-minute frenzy trying to help their kids finish this year’s murky, glitch-prone process of applying for the specialized high school entrance exam. With the crucial..."
https://nypost.com/2019/08/03/doe-to-roll-out-contentious-admission-test-to-more-schools-across-city/,DOE to roll out contentious admission test to more schools across city,Susan Edelman and Isabel Vincent,"August 3, 2019 4:22pm","For the first time, the Specialized High School Admission Test, SHSAT, will be offered at 55 locations across the city. In the past, the test for entrance to the eight..."
https://nypost.com/2019/10/23/de-blasio-hasnt-remotely-abandoned-his-war-on-the-citys-top-schools/,De Blasio hasn’t remotely abandoned his war on the city’s top schools,Post Editorial Board,"October 23, 2019 7:13pm","Nearly 30,000 city students will sit for the Specialized High School Admissions Test this weekend and next Wednesday — despite Team de Blasio’s best efforts to the contrary. Not that..."
https://nypost.com/2019/12/15/changes-to-nyc-elite-high-school-admissions-inevitable-state-senator/,Changes to NYC elite high school admissions inevitable: State senator,Selim Algar,"December 15, 2019 4:58pm","An influential state politician is warning that an overhaul of the city’s specialized-high-school admissions process is inevitable. State Sen. John Liu, chairman of the Senate's New York City Education Committee,..."
https://nypost.com/2020/05/02/doe-could-end-screening-for-top-nyc-schools-after-coronavirus-pandemic/,DOE could end screening for top NYC schools after coronavirus pandemic,Susan Edelman,"May 2, 2020 4:56pm","The coronavirus may kill the controversial practice of “screening” students for admittance to NYC’s most coveted middle and high schools, at least temporarily."
https://nypost.com/2020/05/09/doe-carranza-mulls-possible-tweaks-to-nyc-school-admissions/,"Possible tweaks to NYC school admissions include lottery system, prior test scores",Susan Edelman,"May 9, 2020 6:39pm","New York City Schools Chancellor Richard Carranza said he doesn’t have “a nefarious plan” to use the coronavirus crisis to overhaul middle and high school admission policies, but so far..."
https://nypost.com/2019/06/16/queens-pol-pushing-bill-to-save-specialized-hs-exam/,Queens pol pushing bill to save specialized HS exam,Bernadette Hogan and Nolan Hicks,"June 16, 2019 7:38pm","Hit the books, Mr. Mayor! A Queens state senator has introduced legislation that repudiates Mayor Bill de Blasio’s controversial push to scrap New York’s specialized high schools admissions exam. Instead,..."
https://nypost.com/2019/03/20/the-drive-to-change-elite-school-admissions-is-all-about-killing-the-messenger/,The drive to change elite-school admissions is all about killing the messenger,Alina Adams,"March 20, 2019 8:15pm","My husband graduated from Stuyvesant High School in 1985. Our oldest son graduated in 2017, and our younger son is a freshman there. My husband and our sons are ­African-American...."
https://nypost.com/2019/04/30/de-blasio-needs-to-focus-on-the-99-percent-in-nycs-schools/,De Blasio needs to focus on the '99 percent' in NYC's schools,Ray Domanico,"April 30, 2019 9:01pm","New York education leaders are obsessed with one number: seven. That’s how many black students received an offer to attend Stuyvesant High School this year, based on results of the..."
https://nypost.com/2019/09/25/bill-de-blasio-suddenly-changes-tune-on-testing-for-elite-high-schools/,Bill de Blasio suddenly changes tune on testing for elite high schools,Julia Marsh and Selim Algar,"September 25, 2019 2:58pm","Mayor Bill de Blasio indicated for the first time Wednesday that he's open to keeping the admissions tests for the city's elite public high schools, in a major departure from..."
https://nypost.com/2019/10/26/fame-high-school-gets-well-liked-pianist-to-replace-ousted-principal/,'Fame' high school gets well-liked pianist to replace ousted principal,Susan Edelman,"October 26, 2019 8:02pm","The “Fame"" high school has a new principal, one who promises to sing a new tune after her embattled predecessor got the boot, The Post has learned."
https://nypost.com/2019/06/09/de-blasios-latest-hostage-opportunity-for-poor-and-minority-kids/,De Blasio's latest hostage: opportunity for poor and minority kids,Post Editorial Board,"June 9, 2019 8:53pm",Unconscionable: Mayor Bill de Blasio vows to re-establish Gifted & Talented programs in every school district . . . if the Legislature does his bidding on the Specialized High School Admissions Test. This...
https://nypost.com/2019/06/16/comrie-wants-more-opportunity-carranzas-just-finding-jobs-for-cronies/,Comrie wants more opportunity -- Carranza's just finding jobs for cronies,Post Editorial Board,"June 16, 2019 9:21pm","Kudos to state Sen. Leroy Comrie for coming up with a serious plan to get more black and Hispanic kids into the city’s best high schools: by adding opportunity, not..."
https://nypost.com/2019/10/26/here-are-new-yorkers-most-checked-out-library-books-by-borough/,Here are New Yorkers' most checked-out library books by borough,Melkorka Licea,"October 26, 2019 10:52am","New Yorkers love nonfiction, and that’s a fact. The bestselling memoir “Educated,” by first-time author Tara Westover, was the most read book throughout all New York Public Library’s 88 branches..."
https://nypost.com/2019/04/12/de-blasios-school-plan-slammed-by-parents-at-queens-rally/,De Blasio's school plan slammed by parents at Queens rally,Carl Campanile,"April 12, 2019 1:11am",More than 100 parents rallied at Queens Borough Hall on Thursday night against Mayor Bill de Blasio’s plans to eliminate the single-test requirement for admission into the city’s top high...
https://nypost.com/2019/04/06/setting-a-high-bar-for-nonelite-schools-works-im-proof/,Setting a high bar for nonelite schools works — I'm proof,Shari Logan,"April 6, 2019 9:49pm","When I began high school 20 years ago in September 1999, I was not frightened about the impending workload. I had a clear idea of what was expected of me...."
https://nypost.com/2019/03/23/teen-gets-into-stuyvesant-after-being-told-its-practically-impossible/,Teen gets into Stuyvesant after being told 'it's practically impossible',Susan Edelman,"March 23, 2019 5:31pm",Sebastian Acevedo has achieved his impossible dream. When his mom told a guidance counselor at Sebastian’s Catholic grade school in Queens that he was thinking about applying to the city’s...
https://nypost.com/2019/06/09/de-blasio-refuses-to-see-whats-needed-for-racial-justice-at-nycs-schools/,De Blasio refuses to see what's needed for racial justice at NYC's schools,Nicole Brisbane,"June 9, 2019 8:40pm","The debate about the Specialized High School Admissions Test is completely misplaced. As usual, Mayor Bill de Blasio and his allies are looking to put a Band-Aid on a gaping..."
https://nypost.com/2019/03/02/the-mayors-new-scheme-for-top-nyc-schools-is-illegal-and-racist/,The mayor's new scheme for top NYC schools is illegal and racist,Wai Wah Chin,"March 2, 2019 2:53pm","Last December, the Chinese American Citizens Alliance Greater New York (CACAGNY) filed a racial-discrimination lawsuit against the city after Mayor de Blasio and Chancellor Richard Carranza announced changes to admissions..."
https://nypost.com/2019/08/06/angry-asian-american-protesters-swarm-richard-carranzas-car-in-brooklyn/,Angry Asian-American protesters swarm Richard Carranza's car in Brooklyn,Selim Algar,"August 6, 2019 6:18pm",The sign-waving demonstrators couldn't see the embattled schools boss through the vehicle's tinted windows — but were able to clearly express their anger over changes to admissions policy at the...
https://nypost.com/2019/06/12/richard-carranza-lobbies-albany-to-scrap-entrance-exam-for-top-high-schools/,Richard Carranza lobbies Albany to scrap entrance exam for top high schools,Bernadette Hogan and Selim Algar,"June 12, 2019 9:29pm",New York City School Chancellor Richard Carranza trekked to Albany Wednesday in an end-of-session push for a state law to eliminate the single entrance exam for admission into the city's...
https://nypost.com/2019/04/22/standing-up-for-excellence-and-opportunity-at-nycs-top-high-schools/,Standing up for excellence and opportunity at NYC’s top high schools,Post Editorial Board,"April 22, 2019 7:28pm","Students, families and alumni of the city’s specialized high schools just got new allies in their fight to stop Mayor Bill de Blasio from destroying those elite schools. On Monday,..."
https://nypost.com/2019/04/06/educational-genocide-nyc-schools-are-leaving-black-and-hispanic-students-behind/,'Educational genocide': NYC schools are leaving black and Hispanic students behind,Susan Edelman,"April 6, 2019 9:21pm",New York City school districts with the largest black and Hispanic enrollment offer the fewest programs for gifted and talented children — a void one successful graduate calls “educational genocide.”
https://nypost.com/2019/05/31/poll-says-majority-of-voters-oppose-de-blasios-high-school-admissions-plan/,Poll says majority of voters oppose de Blasio's high school admissions plan,Selim Algar,"May 31, 2019 1:21pm","A poll commissioned by a group opposed to Mayor Bill de Blasio's specialized high school admissions plan found that 56 percent of respondents favored the current single-test system, the organization..."
https://nypost.com/2019/04/13/parents-say-richard-carranza-calls-them-racist-for-opposing-diversity-program/,Parents say Richard Carranza calls them racist for opposing diversity program,Susan Edelman,"April 13, 2019 10:09pm","NYC schools Chancellor Richard Carranza is stifling the debate on student diversity by tarring parents as racist when they protest his controversial proposals, white and black parents told The Post."
https://nypost.com/2019/05/10/jumaane-williams-stands-tall-for-real-justice-in-education/,Jumaane Williams stands tall for real justice in education,Post Editorial Board,"May 10, 2019 7:48pm","For all our disagreements with Public Advocate Jumaane Williams, we’ve always seen him as a gifted politician. That makes it all the more impressive that he’s just staked out a..."
https://nypost.com/2019/05/31/de-blasio-ramps-up-propaganda-against-specialized-admit-exams/,De Blasio ramps up 'propaganda' against specialized 'admit' exams,Selim Algar,"May 31, 2019 10:16pm","Ramping up its public-relations blitz against the specialized-high-school admissions test, City Hall enlisted current and former city students to blast the polarizing exam in a 22-minute YouTube video posted Friday..."
https://nypost.com/2019/03/19/heastie-wants-hearings-on-nyc-high-school-admissions-policy/,Heastie wants hearings on NYC high school admissions policy,Carl Campanile and Selim Algar,"March 19, 2019 7:37pm",Assembly Speaker Carl Heastie will be holding hearings into the admissions policy at New York City’s elite public high schools a day after it was announced that tiny numbers of...
https://nypost.com/2019/05/11/new-york-city-schools-chiefs-top-deputy-got-her-children-into-selective-middle-schools/,New York City schools chief's top deputy got her children into selective middle schools,Susan Edelman,"May 11, 2019 11:01pm","Chancellor Richard Carranza’s top deputy has gotten her two youngest children into two of the city’s most selective and desirable middle schools — in one case, after the application period..."
https://nypost.com/2019/04/22/billionaire-joins-push-to-stop-de-blasios-high-school-admissions-test-plan/,Billionaire joins push to stop de Blasio's high school admissions test plan,Carl Campanile and Bruce Golding,"April 22, 2019 1:57pm","Cosmetics tycoon Ron Lauder is bankrolling a multimillion-dollar effort to stop Mayor Bill de Blasio from eliminating the admissions test to the city's top high schools, sources told The Post..."
https://nypost.com/2019/06/29/critics-cry-grade-inflation-at-nyc-schools-as-students-pass-without-meeting-standards/,Critics cry 'grade inflation' at NYC schools as students pass without meeting standards,Susan Edelman,"June 29, 2019 8:09pm","At the Science School for Exploration and Discovery, MS 224 in the Bronx, an impressive 94 percent of students in grades 6-8 passed their math classes in the 2017-18 school..."
https://nypost.com/2019/03/23/the-racially-diverse-high-achieving-schools-of-nycs-past-have-vanished/,"The racially diverse, high-achieving schools of NYC's past have vanished",Susan Edelman,"March 23, 2019 7:41pm",
https://nypost.com/2019/06/13/de-blasio-blames-tabloid-media-for-his-unpopular-elite-school-scheme/,De Blasio blames 'tabloid media' for elite school scheme backlash,Selim Algar and Bernadette Hogan,"June 13, 2019 11:04pm",Mayor Bill de Blasio on Thursday played the “Fake News” card to try and convince a group of Asian American parents that they shouldn’t be concerned over his plan to...
https://nypost.com/2019/04/10/despite-diversity-efforts-asian-students-still-lead-elite-enrollment-doe/,"Despite diversity efforts, Asian students still lead elite enrollment: DOE",Rich Calder,"April 10, 2019 8:58pm",Mayor de Blasio has failed to make the grade in his latest effort to diversify the city’s elite specialized high schools — a program meant to better integrate students only...
https://nypost.com/2019/05/15/do-as-i-say-not-as-i-do-is-bill-de-blasio-rule-for-governing/,"'Do as I say, not as I do' is Bill de Blasio rule for governing",Karol Markowicz,"May 15, 2019 8:22pm","If the Bill de Blasio mayoral reign had a catch phrase, it would be: “Do as I say, not as I do.” A few days ago, the New York Daily..."
https://nypost.com/2019/04/08/schools-chief-richard-carranza-surprised-nyc-isnt-all-liberal/,Schools chief Richard Carranza 'surprised' NYC isn’t all liberal,Selim Algar and Bruce Golding,"April 8, 2019 10:26pm",New York may be one of the most liberal cities in the US — but it’s not far left enough for Schools Chancellor Richard Carranza. In an exclusive sit-down last...
https://nypost.com/2019/01/05/top-nyc-high-schooler-slams-public-education-as-unfair-and-unjust/,Top NYC high schooler slams public education system as 'unfair and unjust',Coco Rhum,"January 5, 2019 1:04pm","COCO RHUM, 17, is a senior at the prestigious Beacon School and a policy leader for Integrate NYC and Teens Take Charge, two student groups fighting for educational equality citywide...."
https://nypost.com/2018/08/06/what-de-blasio-didnt-want-you-to-know-high-school-admissions-tests-work/,What de Blasio didn't want you to know: high school admissions tests work,Post Editorial Board,"August 6, 2018 7:52pm",A newly released study confirms that the admissions test for the city’s elite high schools reliably IDs kids likely to succeed at them. Yet Mayor Bill de Blasio still wants...
https://nypost.com/2018/06/28/de-blasio-to-look-at-how-screened-high-schools-admit-students/,De Blasio to look at how 'screened' high schools admit students,Rich Calder,"June 28, 2018 12:13am","Mayor Bill de Blasio revealed Wednesday night that he plans to take a serious look at how the city's ""screened"" high schools admit students. “Clearly the screened schools are an..."
https://nypost.com/2018/06/09/de-blasios-school-admissions-plan-would-slash-enrollment-of-white-kids/,De Blasio’s school admissions plan would slash enrollment of white kids,Susan Edelman,"June 9, 2018 10:13pm","Mayor de Blasio’s controversial plan to change admissions to the city’s top specialized high schools would slash enrollment of white kids from 24 percent to 15 percent, based on Department..."
https://nypost.com/2018/05/16/dont-mess-with-the-test-for-the-citys-top-high-schools-fix-the-real-problem/,Don’t mess with the test for the city’s top high schools — fix the real problem,Larry Cary,"May 16, 2018 7:53pm","Forty-five years ago, the Legislature passed the Hecht-Calandra bill requiring admission to Brooklyn Tech, Stuyvesant and Bronx Science be based solely on an applicant’s ranked score on a highly competitive..."
https://nypost.com/2018/06/05/cuomo-has-little-faith-in-de-blasios-elite-hs-admission-plan/,Cuomo has little faith in de Blasio’s elite-HS admission plan,Carl Campanile,"June 5, 2018 12:15am",Gov. Andrew Cuomo on Monday all but dismissed Mayor Bill de Blasio’s plan to get rid of the admissions exam for the city’s eight elite public high schools as a...
https://nypost.com/2018/06/13/de-blasios-divisive-desegregation-plan-is-a-slap-in-the-face-of-asian-americans/,De Blasio's 'desegregation' plan is an insult to Asian-Americans,Ron Kim,"June 13, 2018 7:59pm",Mayor Bill de Blasio has had four and a half years to improve our segregated public-school system — to fix its systemic failures from kindergarten through eighth grade. Yet our...
https://nypost.com/2016/09/17/how-to-pick-the-best-nyc-high-school-for-your-child/,How to pick the best NYC high school for your child,Mary Kay Linge,"September 17, 2016 6:02pm",Overwhelmed. That’s how most middle-schoolers feel when the city Department of Education’s telephone book-size High School Directory plops into their hands. With 400-plus schools and 700 programs listed for New...
https://nypost.com/2016/09/17/the-fine-nine-the-citys-elite-high-schools/,The Fine Nine: The city's elite high schools,Susan Edelman and Joshua Tanzer,"September 17, 2016 5:59pm","These public schools accept students who score highest on special entrance exams -- and rank among the most elite and high-performing nationwide. 1. Stuyvesant High School 385 Chambers St., Manhattan..."
https://nypost.com/2016/04/17/finally-a-win-for-the-citys-high-schools/,"Finally, a win for the city's high schools",Post Editorial Board,"April 17, 2016 8:00pm","In a win for common sense, the Legislature embraced a measure to boost diversity in New York City’s elite high schools without compromising standards. Kudos to state Sen. Jeff Klein..."
https://nypost.com/2015/09/27/the-top-40-public-schools-that-dont-require-the-shsat-test/,The top 40 public schools that don't require the SHSAT test,Joshua Tanzer,"September 27, 2015 7:30am",How we ranked them: The New York Post’s Top 40 includes all schools that don’t use the SHSAT test for enrollment. We also broke out Arts and Career schools as...
https://nypost.com/2015/09/27/how-to-get-into-the-public-high-school-you-want/,How to get into the high school you want,Susan Edelman,"September 27, 2015 7:00am",It’s time for New York City eighth-graders to pore over a smorgasbord of 400 public high schools — and apply to a dozen. But getting into one of the best...
https://nypost.com/2015/09/27/the-elite-eight-here-are-the-top-schools-in-nyc/,The Elite Eight: Here are the top schools in NYC,Post Staff Report,"September 27, 2015 7:15am","These New York City schools are the only ones that admit students based solely on their scores on the Specialized High School Admissions Test (SHSAT), which students take in the..."
https://nypost.com/2016/09/17/the-top-40-public-high-schools-in-nyc/,The top 40 public high schools in NYC,Mary Kay Linge and Joshua Tanzer,"September 17, 2016 5:54pm","Admission to these selective schools is not based on entrance exams like the SHSAT, but mostly on middle-school grades, state exam scores, attendance and punctuality. Some give priority to continuing..."
https://nypost.com/2014/12/14/diversity-drive-for-top-ny-high-schools-is-really-anti-diversity/,'Diversity' drive for top NY high schools is really anti-diversity,Aaron Saiger,"December 14, 2014 11:54pm","Last week, the City Council held a hearing with an eye on changing fundamentally how eight selective public high schools choose their students. Yet this drive to increase diversity at..."
https://nypost.com/2014/12/09/nycs-last-nobelist-the-war-on-quality-schooling/,NYC's last Nobelist? The war on quality schooling,Mark Schulte,"December 9, 2014 7:24pm","Dr. John O’Keefe, who today receives this year’s Nobel Prize in medicine, is the 45th graduate of a New York City high school to win the world’s most prestigious prize...."
https://nypost.com/2014/09/22/high-school-admissions-test-has-served-new-yorkers-well/,High-school admissions test has served New Yorkers well,Grace Meng,"September 22, 2014 12:00am","Efforts to change the admissions process for New York’s specialized high schools are disquieting. No entrance criteria is perfect, but the Specialized High School Admission Test, or SHSAT, has served..."
https://nypost.com/2014/07/19/why-nycs-push-to-change-school-admissions-will-punish-poor-asians/,"To make elite schools 'fair,' city will punish poor Asians",Dennis Saffran,"July 19, 2014 2:57pm","In 2004, 7-year-old Ting Shi arrived in New York from China, speaking almost no English. For two years, he shared a bedroom in a Chinatown apartment with his grandparents —..."
https://nypost.com/2014/05/21/dont-destroy-new-york-citys-best-high-schools/,Don't destroy New York City's best high schools,Michael Benjamin,"May 21, 2014 8:27pm","Mayor de Blasio is obsessed with leveling the playing field throughout the city, i.e., producing equal outcomes. In response to a reporter’s question about the city’s specialized high schools last..."
https://nypost.com/2013/09/15/top-50-public-schools-in-nyc/,Top 50 public schools in NYC,Susan Edelman,"September 15, 2013 2:00am",How The Post ranked them: The Top 50 is based on the latest data for 4-year-graduation rate (weight: 10%); percent of students scoring over 85 on Regents Integrated Algebra and...
https://nypost.com/2012/09/09/the-top-10-3/,The Top 10,Post Staff Report,"September 9, 2012 4:00am","1. Staten Island Technical High School 485 Clawson St., Staten Island ADMISSION: SHSAT exam ENROLLMENT: 1,020 AVERAGE CLASS SIZE: 30 AVERAGE DAILY ATTENDANCE: 96% DOE GRADE: A GRADUATION RATE: 100%..."
https://nypost.com/2012/09/09/how-to-land-your-top-pick/,How to land your top pick,Susan Edelman,"September 9, 2012 4:00am",The shock hits at the end of 7th grade — that’s when city students get handed a humongous book with detailed descriptions of more than 400 NYC public high schools....
https://nypost.com/2012/09/09/why-some-schools-rocket-to-the-top/,Why some schools rocket to the top,Post Staff Report,"September 9, 2012 4:00am","In their new book, “Exam Schools” (Princeton University Press), researchers Chester E. Finn Jr., and Jessica A. Hockett toured some of the best public high schools in the nation to..."
https://nypost.com/2012/09/09/11-30/,11-30,Post Staff Report,"September 9, 2012 4:00am","11. Beacon High School 227 W. 61st St., Manhattan ADMISSION: Grades, test scores, interview, writing sample, portfolio ENROLLMENT: 1,159 AVERAGE CLASS SIZE: 30 AVERAGE DAILY ATTENDANCE: 96% DOE GRADE: A..."
https://nypost.com/2011/08/27/the-top-10-2/,The top 10,Post Staff Report,"August 27, 2011 12:07am","1. Stuyvesant High School 345 Chambers St., Manhattan Admission: SHSAT exam Enrollment: 3,277 Average Class Size: 31 Average Daily Attendance: 97% DOE Grade: A Graduation rate: 98% College Ready: 98%..."
https://nypost.com/2011/08/27/11-20-2/,11-20,Post Staff Report,"August 27, 2011 12:11am","11. Beacon High School 227 W. 61st St., Manhattan Admission: Grades, test scores, interview, writing sample, portfolio Enrollment: 1,144 Average Class Size: 30 Average Daily Attendance: 95% DOE Grade: A..."
