link,headline,author,date_published,snippet
https://www.nytimes.com/2024/12/18/nyregion/specialized-high-school-test-new-york.html,New York City Approves New Contract for Specialized High School Test,By Claire Fahy,2024-12-19T04:53:21Z,The vote by the Panel for Educational Policy came after a contentious five-hour meeting. The exam for eight highly competitive high schools will now be computerized.
https://www.nytimes.com/interactive/2025/10/15/nyregion/nyc-mayor-issues-mamdani-cuomo-sliwa.html,They Want to Run New York City. How Would They Do It?,By Emma G. Fitzsimmons,2025-10-15T09:02:01Z,The New York Times sent a wide-ranging survey to the candidates for mayor about the big issues facing New York City and what they hope to accomplish if elected to lead it.
https://www.nytimes.com/2025/07/31/nyregion/specialized-high-schools-black-students-stuyvesant.html,Elite New York High School Admits 8 Black Students in a Class of 781,By Troy Closson,2025-07-31T21:49:51Z,The city’s eight specialized high schools are regarded as crown jewels but also symbols of segregation. The number of Black and Hispanic students admitted to them dipped slightly from last year.
https://www.nytimes.com/2025/10/02/nyregion/mamdani-schools-gifted-and-talented-program.html,Mamdani Says He Would Phase Out N.Y.C. Gifted Program for Early Grades,By Emma G. Fitzsimmons and Troy Closson,2025-10-02T07:00:05Z,"Zohran Mamdani, the Democratic front-runner in the mayor’s race, plans if elected to replace the selective program, which became a symbol of segregation in public schools."
https://www.nytimes.com/2025/10/20/nyregion/mamdani-bronx-science-high.html,How an Elite Public High School Set Mamdani on the Path to Politics,By Matt Flegenheimer and Benjamin Oreskes,2025-10-20T18:50:28Z,"Zohran Mamdani’s time at the Bronx High School of Science expanded and helped shape his views of New York, from the cricket pitch to politics."
https://www.nytimes.com/2024/06/18/nyregion/nyc-specialized-high-school-admissions-black-and-latino-students.html,More Black and Latino Students Admitted to New York’s Elite High Schools,By Troy Closson,2024-06-18T20:27:18Z,"The percentage of Black and Latino students in the eight schools increased modestly to 12 percent, the highest since 2013, but still far below the overall percentage of those students in schools."
https://www.nytimes.com/2025/09/03/nyregion/zohran-mamdani-policy-shifts.html,"As Mamdani’s Stature Grows, He Tries to Shed Some Past Stances",By Eliza Shapiro,2025-09-03T07:00:20Z,"Zohran Mamdani, the Democratic nominee for mayor of New York City, once called for defunding the police and decriminalizing prostitution. He says he has changed."
https://www.nytimes.com/2025/08/08/us/trump-merit-affirmative-action-colleges.html,Trump Escalates a Fight Over How to Measure Merit in American Education,"By Stephanie Saul, Dana Goldstein and Sarah Mervosh",2025-08-08T09:02:16Z,President Trump’s most recent executive order wades into a debate over how elite colleges should weigh grades and test scores versus the obstacles students have overcome.
https://www.nytimes.com/2025/10/02/us/politics/women-military-hegseth-physical-standards.html,What Women Heard in Hegseth’s Remarks About Physical Standards,By John Ismay,2025-10-02T23:27:33Z,"The defense secretary raised the issue suggesting women were getting into combat not because they met high standards, but because they were given a pass."
https://www.nytimes.com/2025/02/05/us/politics/black-hawk-helicopter-crew-dc-crash-families.html,"A ‘Stellar Crew,’ a ‘Tragic Accident’ and a Black Hawk’s Last Flight","By Juliet Macur, Christina Morales, Dave Philipps, Jack Healy and Mark Walker",2025-02-05T20:43:06Z,The Army helicopter that collided with a passenger plane above the Potomac River boasted an experienced crew doing “an unforgiving job.” Friends and relatives are still baffled and mourning their loss.
https://www.nytimes.com/2024/12/02/nyregion/maud-maron-transgender-nyc-school-council.html,A Culture-War Battle Convulses a School Panel in Liberal Manhattan,By Claire Fahy,2024-12-02T08:00:06Z,"Maud Maron, a right-wing activist, introduced a resolution about transgender students’ participation in sports. The fallout has derailed a parent council in one of Manhattan’s largest school districts."
https://www.nytimes.com/2025/11/16/opinion/laptop-classroom-test-scores.html,The Screen That Ate Your Child’s Education,By Jean M. Twenge,2025-11-16T06:00:05Z,Asking students to drill down on their schoolwork amid an array of digital distractions is inimical to learning.
https://www.nytimes.com/2025/08/04/magazine/trump-community-college-anti-dei.html,How Trump’s War on Higher Education Is Hitting Community Colleges,By Ben Austen,2025-08-04T09:01:41Z,"Measures intended to punish elite universities are inflicting collateral damage on the nation’s two-year colleges, which educate 40 percent of all undergraduates."
https://www.nytimes.com/2023/11/24/nyregion/specialized-high-school-musical.html,Specialized High School Musical,By Ginia Bellafante,2023-11-24T08:00:15Z,A surprisingly tender one-man show guides us through the dubious business of tutoring the children of striving New York parents.
https://www.nytimes.com/2024/05/02/nyregion/nyc-schools-segregation.html,Court Allows Case Challenging Segregation in N.Y.C. Schools to Advance,By Troy Closson,2024-05-02T17:29:09Z,"The lawsuit calls out “pernicious racial inequality” in the nation’s largest school district. If successful, it could lead to changes to gifted and selective programs, or even their elimination."
https://www.nytimes.com/interactive/2025/05/23/us/harvard-trump-lawsuit.html,Read Harvard’s Lawsuit Against Trump,,2025-05-23T22:07:16Z,Harvard University sued the Trump administration after it moved to block international students from enrolling.
https://www.nytimes.com/2024/05/03/nyregion/five-boro-bike-tour-nyc.html,"The 5 Boro Bike Tour: Tough to Arrange, Tough to Finish",By James Barron,2024-05-03T09:03:22Z,"The organizer of the event, which takes place on Sunday, says it’s harder to stage than the New York City Marathon."
https://www.nytimes.com/2024/01/27/opinion/sat-tests.html,Should SATs Be Optional?,,2024-01-27T12:00:02Z,Readers discuss an article by David Leonhardt about research showing the tests’ usefulness.
https://www.nytimes.com/2025/10/14/magazine/zohran-mamdani-mayor-new-york.html,"Inside the Improbable, Audacious and (So Far) Unstoppable Rise of Zohran Mamdani",By Astead W. Herndon,2025-10-14T09:01:15Z,The story of the man most likely to be the next mayor of New York City — and the promise and peril his ascent poses for the Democratic Party.
https://www.nytimes.com/2024/06/03/magazine/benjamin-bolger-college-harvard-yale.html,The Man Who Couldn’t Stop Going to College,By Joseph Bernstein,2024-06-03T09:04:12Z,Benjamin B. Bolger has spent his whole life amassing academic degrees. What can we learn from him?
https://www.nytimes.com/2024/06/03/magazine/benjamin-bolger-college-harvard-yale.html,The Man Who Couldn’t Stop Going to College,By Joseph Bernstein,2024-06-03T09:04:12Z,Benjamin B. Bolger has spent his whole life amassing academic degrees. What can we learn from him?
https://www.nytimes.com/interactive/2024/11/07/us/biden-undocumented-spouses-program.html,Read the Judge’s Ruling,,2024-11-08T02:10:23Z,A federal judge in Texas struck down a new Biden administration program that sought to provide a path to U.S. citizenship for hundreds of thousands of undocumented immigrants married to American citizens.
https://www.nytimes.com/2024/01/08/nyregion/nyc-philanthropy-donor-support.html,Wealthy Donors Pull Back From New York City’s Escalating Problems,By Eliza Shapiro,2024-01-08T08:00:22Z,"Philanthropists worry that the city’s complex tangle of crises — migrants, homelessness, housing, the cost of living — cannot be easily fixed."
https://www.nytimes.com/interactive/2025/01/29/upshot/trump-omb-spreadsheet.html,"Office of Management and Budget Spreadsheet of 2,600 Federal Programs Under Review",,2025-01-29T18:38:55Z,"The White House’s Office of Management and Budget sent this document to government agencies listing about 2,600 programs that were under review."
https://www.nytimes.com/interactive/2025/09/02/us/newsom-v-trump-176-pca-order-granting-injunctive-relief.html,Read Judge’s Ruling on Trump’s Use of Troops in California,,2025-09-02T17:03:33Z,"The ruling accused the president of effectively turning nearly 5,000 Marines and National Guard soldiers into a “national police force” during the immigration protests in June."
https://www.nytimes.com/interactive/2024/08/20/us/read-lewiston-maine-shooting-report.html,"Read the Final Report on the Lewiston, Maine, Mass Shootings",,2024-08-20T21:00:14Z,An independent commission investigating the October 2023 shooting emphasized failures by both the local police and the Army Reserve.
https://www.nytimes.com/2024/04/11/us/harvard-test-scores-admissions.html,Harvard and Caltech Will Require Test Scores for Admission,By Anemona Hartocollis and Stephanie Saul,2024-04-11T14:50:36Z,The universities are the latest highly selective schools to end their policies that made submitting SAT or ACT scores optional.
https://www.nytimes.com/article/nyc-public-schools-application-guide.html,Applying to N.Y.C. Public Schools Can Feel Daunting. Here’s What to Know.,By Troy Closson,2023-09-05T07:00:10Z,What matters when choosing a school? How should you compare options? And what’s the best strategy for getting your first choice?
https://www.nytimes.com/2024/03/11/us/ut-austin-standardized-test-admission.html,U. of Texas at Austin Will Return to Standardized Test Requirement,By Stephanie Saul,2024-03-11T14:01:09Z,The university said SAT and ACT scores help it place students in programs that fit them best.
https://www.nytimes.com/2023/06/02/nyregion/stuyvesant-high-school-black-students.html,Stuyvesant High School Admitted 762 New Students. Only 7 Are Black.,By Troy Closson,2023-06-02T12:46:50Z,New York City’s specialized high schools represent perhaps the highest-profile symbol of segregation in the nation’s largest school system.
https://www.nytimes.com/2023/12/13/opinion/addiction-policy-treatment-opioid.html,48 Million Americans Live With Addiction. Here’s How to Get Them Help That Works.,By Jeneen Interlandi and Damon Winter,2023-12-13T10:02:31Z,We have the tools we need to create a world where addiction is just one aspect of people’s lives instead of a dark portal to despair and early death.
https://www.nytimes.com/interactive/2024/02/16/nyregion/trump-fraud-engoron-decision.html,Read the Judge’s Ruling in the Trump Civil Fraud Case,,2024-02-16T20:16:21Z,"A New York judge, Justice Arthur F. Engoron, ruled in a civil fraud case on Friday that former President Donald J. Trump was liable for conspiring to manipulate his net worth, and penalized him $355 million."
https://www.nytimes.com/2023/10/11/magazine/usher-rnb.html,Can Usher Turn America On Again (to R.&B.)?,By Danielle Amir Jackson and Malike Sidibe,2023-10-11T09:02:40Z,"Almost 20 years after his sexy, best-selling album “Confessions,” Usher is back with new music that could redefine the whole genre."
https://www.nytimes.com/2023/02/17/briefing/us-china-near-space-lsat-debate.html,Your Friday Evening Briefing,By Matthew Cullen,2023-02-17T22:55:37Z,Here’s what you need to know at the end of the day.
https://www.nytimes.com/2022/09/29/nyregion/nyc-schools-admissions.html,"In a Reversal, New York City Tightens Admissions to Some Top Schools",By Troy Closson,2022-09-29T16:33:54Z,"The city loosened selection criteria during the pandemic, policies some parents protested as unfair and others hoped would reduce racial disparities."
https://www.nytimes.com/2022/09/30/nyregion/mahsa-amini-iran-cartoonist.html,Crisis in Iran Inspires a Cartoonist in New York,By James Barron,2022-09-30T04:24:56Z,Nasrin Sheykhi drew a powerful caricature after the death of Mahsa Amini in the custody of Iran’s morality police.
https://www.nytimes.com/interactive/2023/climate/climate-change-faq.html,Have Climate Questions? Get Answers Here.,By The New York Times Climate Desk,2023-02-06T18:47:31Z,What’s causing global warming? How can we fix it? This interactive F.A.Q. will tackle your climate questions big and small.
https://www.nytimes.com/2022/06/17/nyregion/high-school-admissions-nyc.html,N.Y.C. Tried to Fix High School Admissions. Some Parents Are Furious.,By Ginia Bellafante,2022-06-17T09:00:09Z,"In an attempt to democratize schools, the city is focusing less on grades, attendance and test scores. Instead, it relies heavily on a lottery."
https://www.nytimes.com/2022/09/13/podcasts/ezra-klein-show-cecilia-ridgeway.html,Transcript: Ezra Klein Show with Cecilia Ridgeway,,2022-09-13T19:37:34Z,A conversation with the sociologist Cecilia Ridgeway.
https://www.nytimes.com/2022/03/28/education/mit-sat-act-scores-admission.html,M.I.T. Will Again Require SAT and ACT Scores,By Maria Cramer and Eduardo Medina,2022-03-29T01:26:34Z,"The university said it was reinstating the admissions requirement, which it had waived in 2020 and 2021 because of the pandemic, for the 2022-23 application cycle."
https://www.nytimes.com/2022/01/25/us/selective-high-schools-brooklyn-tech.html,How It Feels to Be an Asian Student in an Elite Public School,By Michael Powell,2022-01-25T17:18:02Z,"Stuyvesant, Brooklyn Tech and other schools across the country are under pressure to end entrance exams. Students have complicated feelings about that."
https://www.nytimes.com/2022/03/02/opinion/asian-american-voters-democratic-party.html,Will Asian Americans Bolt From the Democratic Party?,By Thomas B. Edsall,2022-03-02T10:00:13Z,How this question gets answered has profound political ramifications.
https://www.nytimes.com/2022/01/28/learning/how-diverse-is-your-school.html,How Diverse Is Your School?,By Nicole Daniels,2022-01-28T10:00:04Z,Would you characterize your school as being diverse in terms of the racial and socioeconomic makeup of the student body?
https://www.nytimes.com/2022/01/31/opinion/affirmative-action.html,The Path to Social Equity in Higher Ed Doesn’t Run Through Harvard,By Jay Caspian Kang,2022-01-31T20:00:05Z,We need a broader vision of equity.
https://www.nytimes.com/2022/05/10/magazine/phalloplasty.html,How Ben Got His Penis,By Jamie Lauren Keiles,2022-05-10T09:00:21Z,"Phalloplasty — the surgery to make a penis — has grown more popular among trans men. But with a steep rate of complications, it remains a controversial procedure."
https://www.nytimes.com/2021/12/22/nyregion/de-blasio-report-card-inequity.html,6 Numbers That Reveal Bill de Blasio’s Legacy on Inequality,By Emma G. Fitzsimmons,2021-12-22T10:02:33Z,"Police stops are down, but homelessness endures. Schools remain segregated, but there are 60,000 prekindergarten slots."
https://www.nytimes.com/2021/12/30/world/europe/uk-covid-omicron-london-england.html,"U.K., With Surging Cases, Is on ‘War Footing’ Against Virus",By Megan Specia,2021-12-30T18:43:12Z,"With cases surging and straining health care and other services, Britain’s challenges foreshadow the impact of the Omicron variant in other countries."
https://www.nytimes.com/2021/10/15/nyregion/eric-adams-gifted-talented-nyc-schools.html,"Adams Commits, With Few Details, to Keeping Gifted Program in Schools",By Eliza Shapiro,2021-10-15T17:22:46Z,"Eric Adams, New York City’s likely next mayor, rebuked Mayor Bill de Blasio’s plan to scrap the current system as he prepares to leave office."
https://www.nytimes.com/2021/09/09/nyregion/nyc-schools-gifted-education.html,How the Mayor’s Big Decision Could Upend N.Y.C. School Admissions,By Eliza Shapiro,2021-09-09T09:00:14Z,New York City’s highly competitive gifted and talented programs could be overhauled in one of the last major policy moves from Mayor Bill de Blasio.
https://www.nytimes.com/2021/10/08/nyregion/gifted-talented-nyc-schools.html,De Blasio to Phase Out N.Y.C. Gifted and Talented Program,By Eliza Shapiro,2021-10-08T09:00:22Z,"The mayor unveiled a plan to replace the highly selective program, which has become a glaring symbol of segregation in New York City public schools, for incoming students. It will be up to his successor to implement it."
https://www.nytimes.com/2021/09/09/opinion/sat-standardized-tests-ucs.html,Why SAT Test Prep Doesn’t Help Who You Might Think It Helps,By Jay Caspian Kang,2021-09-09T19:30:04Z,The relationship between the use of standardized tests in college admissions and diversity on campus is far from clear. 
https://www.nytimes.com/2021/10/29/nyregion/nyc-mayoral-race-adams-sliwa.html,A Last-Chance Mayoral Election Guide,By The New York Times,2021-10-29T09:00:26Z,"With the New York City election just days away, we cut through the personal attacks to show where the main candidates, Eric Adams and Curtis Sliwa, stand on the issues."
https://www.nytimes.com/2021/12/16/us/harvard-admissions-act-sat.html,Harvard Extends Test-Optional Admissions Policy for Four Years,By Anemona Hartocollis,2021-12-17T01:52:34Z,"The university joins many others that have eliminated the ACT and SAT requirements, adding fuel to the movement to get rid of standardized test scores."
https://www.nytimes.com/2021/12/01/magazine/shadow-foster-care.html,How ‘Shadow’ Foster Care Is Tearing Families Apart,By Lizzie Presser,2021-12-01T10:00:20Z,"Across the country, an unregulated system is severing parents from children, who often end up abandoned by the agencies that are supposed to protect them."
https://www.nytimes.com/2021/09/12/education/admissions-scandal-usc-parents.html,Two Parents Are the First to Face Trial in College Admissions Scandal,By Kate Taylor,2021-09-12T09:00:07Z,"At issue are the parents’ conduct, U.S.C.’s admissions practices and possibly the fairness of the college admissions process itself."
https://www.nytimes.com/2021/07/15/us/boston-schools-entrance-exams-admissions.html,Boston Overhauls Admissions to Exclusive Exam Schools,By Ellen Barry,2021-07-15T23:45:31Z,"A new policy will increase representation of Black and Latino students in the prestigious public schools, which serve as a gateway to elite colleges."
https://www.nytimes.com/2021/04/29/nyregion/stuyvestant-black-students.html,Only 8 Black Students Are Admitted to Stuyvesant High School,By Eliza Shapiro,2021-04-29T19:27:54Z,"Once again, tiny numbers of Black and Latino students received offers to attend New York City’s elite public high schools."
https://www.nytimes.com/2021/09/08/sports/tennis/us-open-emma-raducanu-leylah-fernandez.html,"For Raducanu and Fernandez, the Magical Run Goes On and On",By Matthew Futterman,2021-09-08T22:44:05Z,"The teenagers from Britain and Canada have advanced to the semifinals at the U.S. Open. (The run certainly surprised Emma Raducanu, who had a flight home booked after the qualifying tournament.)"
https://www.nytimes.com/2021/05/26/nyregion/sliwa-mateo-debate-republican-mayor.html,G.O.P. Rivals Trade Insults in Chaotic N.Y.C. Mayoral Debate,By Emma G. Fitzsimmons,2021-05-27T01:19:48Z,"Curtis Sliwa, the founder of the Guardian Angels, and Fernando Mateo, a restaurateur, yelled at each other repeatedly during the free-wheeling virtual debate."
https://www.nytimes.com/2021/05/10/nyregion/andrew-yang-grace-meng-endorsement.html,Yang’s Latest Endorsement Shows Momentum With a Key Voting Bloc,By Emma G. Fitzsimmons,2021-05-10T20:47:47Z,"The former presidential candidate won a major endorsement in the New York City mayor’s race from Rep. Grace Meng, a top Asian-American leader in Queens."
https://www.nytimes.com/interactive/2021/06/08/magazine/nyc-inequality.html,New York Is Back. Now It Has a Second Chance.,By Jonathan Mahler,2021-06-08T20:46:15Z,America’s greatest city is beating the pandemic. Can it also recover from decades of division and neglect?
https://www.nytimes.com/2021/05/08/opinion/letters/high-school-letter-contest.html,Let’s Hear What High Schoolers Think,,2021-05-08T15:00:08Z,"The winners of our student letter-writing competition offer opinions about anti-Asian bias, police brutality, financial literacy, meatless meat and more."
https://www.nytimes.com/2021/03/02/nyregion/adams-mcguire-nyc-mayor.html,Why These 2 N.Y.C. Mayoral Candidates Are on a Collision Course,By Jeffery C. Mays,2021-03-02T08:00:07Z,"Eric Adams, the Brooklyn borough president, and Ray McGuire, a former Citi executive, have become fast rivals in the New York City mayoral race."
https://www.nytimes.com/2020/12/20/opinion/new-york-public-high-schools.html,"Reopen Schools, and Reform Them",By The Editorial Board,2020-12-21T02:39:46Z,Scrapping the high-stakes admission tests for New York’s specialized public high schools is long overdue. They severely disadvantage talented Black and Latino students.
https://www.nytimes.com/2021/03/09/nyregion/nyc-schools-segregation-lawsuit.html,Lawsuit Challenging N.Y.C. School Segregation Targets Gifted Programs,By Eliza Shapiro,2021-03-09T13:21:07Z,The sweeping complaint accuses New York City of maintaining a segregated school system and seeks to establish the right to an anti-racist education.
https://www.nytimes.com/2021/01/29/nyregion/nyc-mayoral-race-school-segregation.html,New York Schools Are Segregated. Will the Next Mayor Change That?,By Eliza Shapiro,2021-01-29T10:00:16Z,"By deferring decisions on desegregating schools, Mayor Bill de Blasio has pushed those choices onto his successor — and into the race to replace him."
https://www.nytimes.com/2020/12/18/nyregion/nyc-schools-admissions-segregation.html,New York City Will Change Many Selective Schools to Address Segregation,By Eliza Shapiro,2020-12-18T14:30:10Z,The pandemic prompted the mayor’s most significant action yet on integration: a major shift in how hundreds of schools admit students.
https://www.nytimes.com/2021/04/17/us/minority-acceptance-ivy-league-cornell.html,"After a Year of Turmoil, Elite Universities Welcome More Diverse Freshman Classes",By Anemona Hartocollis,2021-04-17T15:54:07Z,The aftermath of the George Floyd protests and a decreased reliance on standardized tests have led to more diverse admissions at elite universities.
https://www.nytimes.com/2021/01/03/opinion/letters/new-york-city-public-schools.html,Casting a Wider Net for Elite School Admission,,2021-01-03T19:30:06Z,Readers discuss an editorial about the latest opportunity to right some public school wrongs in New York City.
https://www.nytimes.com/2020/12/13/nyregion/max-rose-mayor.html,Rep. Max Rose Launches Exploratory Bid to Run for N.Y.C. Mayor,By Katie Glueck,2020-12-13T10:00:09Z,"The congressman, who lost his re-election bid last month, is casting himself as a blunt populist who would end New York’s cycle of “broken politics.”"
https://www.nytimes.com/2021/01/03/opinion/letters/new-york-city-public-schools.html,Casting a Wider Net for Elite School Admission,,2021-01-03T19:30:06Z,Readers discuss an editorial about the latest opportunity to right some public school wrongs in New York City.
https://www.nytimes.com/2020/12/13/nyregion/max-rose-mayor.html,Rep. Max Rose Launches Exploratory Bid to Run for N.Y.C. Mayor,By Katie Glueck,2020-12-13T10:00:09Z,"The congressman, who lost his re-election bid last month, is casting himself as a blunt populist who would end New York’s cycle of “broken politics.”"
https://www.nytimes.com/interactive/2021/01/14/nyregion/andrew-yang-mayoral-campaign-trail.html,On the N.Y.C. Campaign Trail With Andrew Yang,By Emma G. Fitzsimmons,2021-01-14T23:03:25Z,Mr. Yang officially announced his run for mayor today. We spent the morning with him as he crisscrossed the city campaigning.
https://www.nytimes.com/2020/09/28/us/coronavirus-virtual-school-sat.html,"Pandemic-era SATs: Pencils Down, Face Masks Up",By Amelia Nierenberg and Adam Pasick,2020-09-28T18:18:59Z,The inside scoop on standardized testing. Moms are balancing working and parenting from home. And an explainer about why kids get less sick than adults.
https://www.nytimes.com/interactive/2020/12/23/magazine/bill-withers-death.html,Bill Withers Was a Working Man Who Became a Star,By Reginald Dwayne Betts,2020-12-23T10:32:15Z,"He went from manual labor to musical phenomenon in a matter of months, but his struggles were always there in the music."
https://www.nytimes.com/interactive/2020/12/23/magazine/stanley-chera-death.html,Stanley Chera Was a Mogul Who Made Covid-19 Personal for Trump,By Jamie Lauren Keiles,2020-12-23T10:24:25Z,The New York real estate titan was in some ways a foil to the president — and was on his mind as he went to Walter Reed.
https://www.nytimes.com/interactive/2020/12/23/magazine/mike-hoare-failed-coup.html,Mike Hoare Was a Soldier for Hire Who Led a Spectacularly Failed Coup,By Sam Dolnick,2020-12-23T10:20:03Z,Mad Mike was already in his 60s when he tried to overthrow the Marxist president of the Seychelles.
https://www.nytimes.com/2020/08/27/nyregion/nyc-public-high-school-admissions.html,A Perk for N.Y.’s Richest Areas: First Dibs on Top Public Schools,By Eliza Shapiro,2020-08-27T10:00:06Z,New York City gives students a shot at nearly all high schools across the city — except for a handful of top schools in Manhattan.
https://www.nytimes.com/interactive/2020/12/23/magazine/breonna-taylor-meme.html,The Afterlife of Breonna Taylor,By Jenna Wortham,2020-12-23T10:27:18Z,"People shared her name and image in grief and solidarity, but why didn’t it feel like enough?"
https://www.nytimes.com/interactive/2020/12/23/magazine/chadwick-boseman-death.html,"Chadwick Boseman Played Great Men, and Created One",By Ismail Muhammad,2020-12-23T10:38:12Z,He built his career portraying giants of American history. But it was a fictional character that transformed him into a kind of political figure.
https://www.nytimes.com/interactive/2020/12/23/magazine/breonna-taylor-meme.html,The Afterlife of Breonna Taylor,By Jenna Wortham,2020-12-23T10:27:18Z,"People shared her name and image in grief and solidarity, but why didn’t it feel like enough?"
https://www.nytimes.com/interactive/2020/12/23/magazine/chadwick-boseman-death.html,"Chadwick Boseman Played Great Men, and Created One",By Ismail Muhammad,2020-12-23T10:38:12Z,He built his career portraying giants of American history. But it was a fictional character that transformed him into a kind of political figure.
https://www.nytimes.com/interactive/2020/12/23/magazine/konrad-steffen-death.html,"Konrad Steffen Was a Prophet of Climate Change, and its Victim",By Mark Binelli,2020-12-23T10:21:07Z,The very ice melt he warned would threaten the planet turned out to be his undoing.
https://www.nytimes.com/interactive/2020/12/23/magazine/grant-imahara-mythbusters.html,Grant Imahara Was a Geek Before (and After) It Was Cool,By Dessa,2020-12-23T10:18:02Z,His lifelong love of robotics led to a star turn on “Mythbusters.”
https://www.nytimes.com/interactive/2020/12/23/magazine/john-thompson-death.html,John Thompson Was Every Black Boy’s Longed-For Coach,By Kiese Makeba Laymon,2020-12-23T10:16:20Z,"A stern disciplinarian with a white towel on his shoulder, he made Georgetown’s basketball team champions."
https://www.nytimes.com/interactive/2020/12/23/magazine/mary-j-wilson-baltimore-zoo.html,Mary J. Wilson Was Baltimore’s First Black Senior Zookeeper,By Kaitlyn Greenidge,2020-12-23T10:30:54Z,"She had no specialized training, but she did have a way with the fiercest and most vulnerable animals."
https://www.nytimes.com/interactive/2020/12/23/magazine/sy-sperling-death.html,Sy Sperling Brought Dignity to the Bald,By Taffy Brodesser-Akner,2020-12-23T10:29:14Z,You didn’t need to be ashamed to join the Hair Club for Men.
https://www.nytimes.com/interactive/2020/12/23/magazine/cecilia-chiang-death.html,"Cecilia Chiang Lost Everything in China, and Built It Back in California",By Jade Chang,2020-12-23T10:28:22Z,"She twice escaped war in China, and eventually landed in an America that was hungry for a new kind of Asian cuisine."
https://www.nytimes.com/interactive/2020/12/23/magazine/helen-reddy-death.html,"Helen Reddy Embodied Her Feminist Anthem, ‘I Am Woman’",By Rob Hoerburger,2020-12-23T10:23:32Z,"She hit No. 1 with that song, and her own life was proof of what it took to get there."
https://www.nytimes.com/interactive/2020/12/23/magazine/james-harvey-death.html,James Harvey Celebrated the Pleasure of a Packed Movie Theater,By Anthony Giardina,2020-12-23T10:39:19Z,"No one was more passionate about the cinema, one more experience we lost this year."
https://www.nytimes.com/interactive/2020/12/23/magazine/tom-seaver-death.html,Tom Seaver Was the Greatest Met Ever. The Mets Still Broke His Heart.,By Devin Gordon,2020-12-23T10:25:13Z,He put the franchise on the map — and was traded away in return.
https://www.nytimes.com/interactive/2020/12/23/magazine/tad-jones-wildfire-santa-cruz.html,"Tad Jones Lived Alone in Nature, Until Nature Revolted",By Michael Paterniti,2020-12-23T10:35:37Z,He spent decades under the redwoods. Then came this summer’s fire season.
https://www.nytimes.com/interactive/2020/12/23/magazine/denny-oneil-death.html,Denny O’Neil Changed the World of Superheroes,By Rowan Ricardo Phillips,2020-12-23T10:32:55Z,The comic-book writer took stock of a country’s turmoil and put it into his work.
https://www.nytimes.com/interactive/2020/12/23/magazine/mary-j-wilson-baltimore-zoo.html,Mary J. Wilson Was Baltimore’s First Black Senior Zookeeper,By Kaitlyn Greenidge,2020-12-23T10:30:54Z,"She had no specialized training, but she did have a way with the fiercest and most vulnerable animals."
https://www.nytimes.com/interactive/2020/12/23/magazine/sy-sperling-death.html,Sy Sperling Brought Dignity to the Bald,By Taffy Brodesser-Akner,2020-12-23T10:29:14Z,You didn’t need to be ashamed to join the Hair Club for Men.
https://www.nytimes.com/interactive/2020/12/23/magazine/stanley-crouch-death.html,Stanley Crouch Was a Critic Who Didn’t Hold Back Punches,By Wesley Morris,2020-12-23T10:36:53Z,"He was an intellectual, a holder of court, a jazz connoisseur, a snob and a contrarian of the Black condition."
https://www.nytimes.com/2020/08/21/nyregion/school-integration-progressives.html,How White Progressives Undermine School Integration,By Eliza Shapiro,2020-08-21T09:00:32Z,"A robust body of research shows the benefits of integration. Why, then, is it so hard to achieve?"
https://www.nytimes.com/2020/09/27/us/sat-test-coronavirus.html,Put Down Your No. 2 Pencils. But Not Your Face Mask.,By Emma Goldberg,2020-09-27T19:22:46Z,"The coronavirus presents a daunting new test for SAT takers, including our reporter, whose Princeton Review guides haven’t been cracked in years."
https://www.nytimes.com/2020/03/19/nyregion/nyc-schools-numbers-black-students-diversity-specialized.html,"This Year, Only 10 Black Students Got Into N.Y.C.’s Top High School",By Eliza Shapiro,2020-03-19T19:30:14Z,A bitter debate about diversity in the nation’s largest school system followed news last year that Stuyvesant High School had admitted just seven black students.
https://www.nytimes.com/article/sat-act-test-optional-colleges-coronavirus.html,More Colleges Are Waiving SAT and ACT Requirements,By Neil Vigdor and Johnny Diaz,2020-04-15T14:00:54Z,"With high school disrupted, a growing number of schools — including Harvard and Cornell — are waiving standardized testing requirements for 2021 applicants."
https://www.nytimes.com/2020/03/19/nyregion/nyc-schools-numbers-black-students-diversity-specialized.html,"This Year, Only 10 Black Students Got Into N.Y.C.’s Top High School",By Eliza Shapiro,2020-03-19T19:30:14Z,A bitter debate about diversity in the nation’s largest school system followed news last year that Stuyvesant High School had admitted just seven black students.
https://www.nytimes.com/article/sat-act-test-optional-colleges-coronavirus.html,More Colleges Are Waiving SAT and ACT Requirements,By Neil Vigdor and Johnny Diaz,2020-04-15T14:00:54Z,"With high school disrupted, a growing number of schools — including Harvard and Cornell — are waiving standardized testing requirements for 2021 applicants."
https://www.nytimes.com/2020/06/17/learning/the-class-of-2021-could-change-college-admissions-forever.html,The Class of 2021 Could Change College Admissions Forever,By The Learning Network,2020-06-17T19:42:40Z,"This essay, by Erin Tan, is one of the top 9 winners in the high school category of our Seventh Annual Student Editorial Contest for which we received 6,076 entries."
https://www.nytimes.com/2020/05/01/nyregion/coronavirus-new-york-update.html,New York Closes Schools Through End of Academic Year,,2020-05-01T11:16:55Z,Governor Cuomo said it was impossible to reopen schools “in a way that would keep our children and students and educators safe.”
https://www.nytimes.com/2020/03/03/nyregion/carranza-asian-americans-schools.html,‘Fire Carranza!’: Why Asian-Americans Are Targeting Schools Chief,By Eliza Shapiro,2020-03-03T17:18:21Z,"Protesters say the New York chancellor’s integration agenda harms their children, but he responds that it would benefit “all cultures and all ethnic groups.”"
https://www.nytimes.com/2020/04/04/nyregion/coronavirus-new-york-update.html,Coronavirus Hot Spots Emerging Near New York City,,2020-04-04T12:37:59Z,"Governor Cuomo compared a jump in coronavirus cases on Long Island to “a fire spreading,” and New Jersey announced an additional 200 deaths due to the virus since Friday."
https://www.nytimes.com/2019/12/02/nyregion/nyc-beacon-high-school-walkout.html,Beacon High School Is Half White. That’s Why Students Walked Out.,By Eliza Shapiro,2019-12-02T22:24:16Z,"More than 300 students at the selective public high school, one of New York City’s most prestigious, protested its admissions policies."
https://www.nytimes.com/2020/01/24/learning/what-are-you-doing-to-change-your-school.html,What Are You Doing to Change Your School?,By Nicole Daniels,2020-01-24T10:00:28Z,"Are there things about your school district, administration, curriculum or culture that you want to see change? What are you and your peers doing to make that happen?"
https://www.nytimes.com/2019/10/18/the-weekly/nyc-schools-segregation.html,The Fight to Desegregate New York Schools,,2019-10-18T09:00:20Z,Can the largest public school system in the U.S. educate students fairly if it’s also one of the most segregated?
https://www.nytimes.com/2019/11/06/realestate/fort-greene-brooklyn-riding-the-wave-of-gentrification.html,"Fort Greene, Brooklyn: Riding the Wave of Gentrification",By Julie Lasky,2019-11-06T10:01:38Z,"In recent years, the area has seen staggering changes, with proliferating arts organizations, housing and amenities. But that hasn’t come cheap."
https://www.nytimes.com/2019/11/15/nyregion/beacon-high-school-admissions-nyc.html,Why White Parents Were at the Front of the Line for the School Tour,By Eliza Shapiro,2019-11-15T10:00:34Z,The high stakes of high school admissions in New York — and the lengths some go to get any small advantage.
https://www.nytimes.com/2019/08/26/nyregion/gifted-programs-nyc-desegregation.html,Desegregation Plan: Eliminate All Gifted Programs in New York,By Eliza Shapiro,2019-08-26T21:21:25Z,A group appointed by Mayor Bill de Blasio proposed seismic changes to the nation’s largest school system.
https://www.nytimes.com/interactive/2020/01/16/opinion/deval-patrick-nytimes-interview.html,Deval Patrick Says the Race Is Just Getting Started,By The Editorial Board,2020-01-16T10:00:01Z,Mr. Patrick interviews for The New York Times’ endorsement.
https://www.nytimes.com/2019/10/10/nyregion/gifted-talented-schools-nyc.html,This Top Gifted and Talented School Is Integrated. Is It the Future?,By Eliza Shapiro,2019-10-10T09:00:10Z,"With New York sharply divided over gifted education, some parents point to a school in Harlem as proof that selective schools can be integrated."
https://www.nytimes.com/2019/09/03/nyregion/nyc-back-to-school.html,What to Know as N.Y.C. Goes Back to School,By Azi Paybarah,2019-09-03T09:24:25Z,"Tuesday: Public schools open this week, and all eyes will be on the city's gifted programs."
https://www.nytimes.com/2019/10/10/nyregion/nyc-gifted-schools-admissions.html,Should the City Keep Its Gifted and Talented Schools?,By Andrea Salcedo,2019-10-10T09:31:36Z,Thursday: A grueling admission process has filled the most elite programs with white and Asian students.
https://www.nytimes.com/2019/07/02/opinion/letters/specialized-high-school-admission-test-new-york-city.html,Specialized High School Admission Test,,2019-07-02T15:57:34Z,A reader lists ways that the test can be made accessible to minority students.
https://www.nytimes.com/2019/08/28/magazine/where-does-affirmative-action-leave-asian-americans.html,Where Does Affirmative Action Leave Asian-Americans?,By Jay Caspian Kang and Ronghui Chen,2019-08-28T09:00:11Z,A high-profile lawsuit against Harvard is forcing students and their families to choose sides.
https://www.nytimes.com/2019/09/04/nyregion/nyc-gifted-talented-test.html,Should a Single Test Decide a 4-Year-Old’s Educational Future?,By Eliza Shapiro,2019-09-04T07:00:05Z,The admissions process for gifted programs in New York City has led to a debate over how to desegregate the nation’s largest school system.
https://www.nytimes.com/2019/08/23/nyregion/nyc-schools-chancellor-carranza-.html,Desegregating N.Y. Schools Was His Top Priority. What Happened?,By Eliza Shapiro,2019-08-23T09:00:12Z,"Entrenched inequality, attacks by conservatives, student protests: Richard A. Carranza’s first year as schools chancellor."
https://www.nytimes.com/2019/06/24/nyregion/specialized-schools-nyc-deblasio.html,"Amid Racial Divisions, Mayor’s Plan to Scrap Elite School Exam Fails",By Vivian Wang and Eliza Shapiro,2019-06-24T07:00:09Z,Opposition from Asian lawmakers and a billionaire’s lobbying push helped block Bill de Blasio’s plan to desegregate New York’s specialized schools.
https://www.nytimes.com/2019/06/03/reader-center/bronx-science-nyc-public-schools-black-hispanic-yearbook.html,An Editor’s Yearbook Tells a Tale of Race in New York’s Elite Public Schools,By Dodai Stewart,2019-06-03T09:17:46Z,"When I attended Bronx Science, the student body was 23 percent black and Hispanic. Its ethnic makeup is very different today."
https://www.nytimes.com/2019/09/11/fashion/watches-women-piaget.html,6 Women in Watches: Joy and Strain,By Nazanin Lankarani and Samuel Zeller,2019-09-11T09:10:11Z,"Some describe years of support and success in the male-dominated industry. For others, “It has been a fight all these years.”"
https://www.nytimes.com/2019/06/12/opinion/meritocracy-tests-education.html,The Meritocracy Is Under Siege,By Thomas B. Edsall,2019-06-12T10:00:06Z,Are we merely reproducing privilege or is there something to salvage in the system we have now?
https://www.nytimes.com/2019/08/25/fashion/weddings/this-weeks-wedding-announcements.html,This Week’s Wedding Announcements,,2019-08-25T04:30:04Z,All of the weddings right here on one handy page for you.
https://www.nytimes.com/interactive/2019/06/17/upshot/nyc-schools-shsat-504.html,Some Students Get Extra Time for New York’s Elite High School Entrance Exam. 42% Are White.,By Kevin Quealy and Eliza Shapiro,2019-06-17T21:09:24Z,"The data underscores what testing experts have long emphasized: Income, race and privilege can influence a process that is supposed to be a level playing field."
https://www.nytimes.com/2019/06/02/nyregion/la-guardia-high-school-sit-in.html,The ‘Fame’ High School Is Known for the Arts. Should Algebra Matter There?,By Eliza Shapiro,2019-06-02T22:21:01Z,Hundreds of students at Manhattan’s LaGuardia High School staged a sit-in to protest what they say is a focus on academic rigor at the expense of arts programs.
https://www.nytimes.com/2019/03/18/nyregion/black-students-nyc-high-schools.html,"Only 7 Black Students Got Into Stuyvesant, N.Y.’s Most Selective High School, Out of 895 Spots",By Eliza Shapiro,2019-03-18T20:41:19Z,The tiny number of black students offered admission to New York City’s elite public high schools adds pressure on officials to confront the challenge of integrating those schools.
https://www.nytimes.com/2019/03/30/opinion/new-york-specialized-high-schools-black-hispanic.html,New York’s Best Schools Need to Do Better,By The Editorial Board,2019-03-30T19:58:07Z,"Yet again, the paucity of black and Latino students admitted to New York City’s elite public high schools is cause for alarm, and action."
https://www.nytimes.com/2019/04/27/nyregion/specialized-high-schools-lobbying.html,Big Money Enters Debate Over Race and Admissions at Stuyvesant,By Eliza Shapiro,2019-04-27T07:00:07Z,"Ronald Lauder and Richard Parsons want to keep the test for New York City’s elite schools, favoring other ways to increase the number of black and Hispanic students."
https://www.nytimes.com/2019/03/30/opinion/new-york-specialized-high-schools-black-hispanic.html,New York’s Best Schools Need to Do Better,By The Editorial Board,2019-03-30T19:58:07Z,"Yet again, the paucity of black and Latino students admitted to New York City’s elite public high schools is cause for alarm, and action."
https://www.nytimes.com/2019/04/27/nyregion/specialized-high-schools-lobbying.html,Big Money Enters Debate Over Race and Admissions at Stuyvesant,By Eliza Shapiro,2019-04-27T07:00:07Z,"Ronald Lauder and Richard Parsons want to keep the test for New York City’s elite schools, favoring other ways to increase the number of black and Hispanic students."
https://www.nytimes.com/2019/03/22/reader-center/stuyvesant-reddit.html,Questions and Answers About Black Admission to Stuyvesant High,By Aodhan Beirne,2019-03-22T12:17:41Z,The Times reporter Eliza Shapiro gave additional insights into her reporting on the school’s next class of students.
https://www.nytimes.com/2019/06/19/opinion/foster-child-trafficking.html,Homes to Heal Trafficked Children,By Rikha Sharma Rani,2019-06-19T10:00:11Z,"In Miami, a program designed for trafficked foster youth is showing promise."
https://www.nytimes.com/2019/04/02/podcasts/the-daily/black-students-nyc-high-school.html,Why Did New York’s Most Selective Public High School Admit Only 7 Black Students?,,2019-04-02T10:00:04Z,The latest admissions numbers at Stuyvesant High School offer a stark picture of the persistent racial divide in America’s largest school system.
https://www.nytimes.com/2019/03/26/nyregion/school-segregation-new-york.html,Segregation Has Been the Story of New York City’s Schools for 50 Years,By Eliza Shapiro,2019-03-26T09:00:24Z,Low black and Hispanic enrollment at Stuyvesant High School has reignited a debate about how to finally integrate the city’s schools.
https://www.nytimes.com/2019/07/02/magazine/dead-pig-brains-reanimation.html,Scientists Are Giving Dead Brains New Life. What Could Go Wrong?,By Matthew Shaer,2019-07-02T09:00:03Z,"In experiments on pig organs, scientists at Yale made a discovery that could someday challenge our understanding of what it means to die."
https://www.nytimes.com/2019/04/10/nyregion/nyc-specialized-schools.html,"A Few More Black Students Are Offered Spots at Stuyvesant, Fanning Fresh Uproar",By Eliza Shapiro,2019-04-10T21:47:16Z,A once-obscure program named Discovery has become an unexpected flash point in a local debate about specialized school admissions and the national fight over affirmative action.
https://www.nytimes.com/2019/05/02/learning/lesson-plans/teenagers-in-the-times-april-2019.html,Teenagers in The Times: April 2019,By The Learning Network,2019-05-02T16:35:01Z,Our roundup of the news stories and features about young people that have recently appeared across sections of NYTimes.com.
https://www.nytimes.com/2019/06/02/fashion/weddings/this-weeks-wedding-announcements.html,This Week’s Wedding Announcements,,2019-06-02T04:30:03Z,All of the weddings right here on one handy page for you.
https://www.nytimes.com/2019/03/22/nyregion/stuyvesant-high-school-black-students.html,How the Few Black and Hispanic Students at Stuyvesant High School Feel,By Eliza Shapiro,2019-03-22T09:00:16Z,"Of the 3,300 students at Stuyvesant in New York City, 3 percent are Hispanic and just under 1 percent are black."
https://www.nytimes.com/2019/04/16/nyregion/new-york-city-school-segregation.html,"Facing Segregated Schools, Parents Took Integration Into Their Own Hands. It’s Working.",By Eliza Shapiro,2019-04-16T07:00:05Z,Changes to middle school enrollment in parts of Brooklyn and Manhattan could force City Hall to take action on school segregation.
https://www.nytimes.com/2019/06/06/learning/runners-up-from-our-sixth-annual-student-editorial-contest.html,Runners-Up From Our Sixth Annual Student Editorial Contest,By The Learning Network,2019-06-06T20:54:07Z,"Tiger parenting, college admissions, criminal justice, mental health and pineapple pizza: 27 teenage runners-up take on the issues that matter most to them."
https://www.nytimes.com/2019/02/06/nyregion/nyc-specialized-high-school-test.html,Racist? Fair? Biased? Asian-American Alumni Debate Elite High School Admissions,By Eliza Shapiro,2019-02-06T10:00:09Z,"When it comes to integration at New York City’s most competitive high schools, Asian-American alumni have many different reactions."
https://www.nytimes.com/2019/03/22/reader-center/new-york-specialized-high-schools.html,How Our Reporter Made Sense of Admissions to Stuyvesant High School,By Eliza Shapiro,2019-03-22T09:00:15Z,"Eliza Shapiro, a reporter for The Times explained why March was an important month for those covering New York City public schools, America’s largest school system."
https://www.nytimes.com/2019/04/12/podcasts/venezuela-blackout-stuyvesant-nyc.html,How We Told the Story of a Blackout in Venezuela,By Annie Brown,2019-04-12T20:10:33Z,"Weaving together narrative, history and mountains of tape."
https://www.nytimes.com/2019/05/16/us/sat-score.html,SAT’s New ‘Adversity Score’ Will Take Students’ Hardships Into Account,By Anemona Hartocollis,2019-05-16T16:07:27Z,The College Board is adding a measure of students’ socioeconomic background to help colleges put test scores in context.
https://www.nytimes.com/2019/03/19/opinion/letters/new-york-city-elite-high-schools.html,Diversifying New York City’s Elite High Schools,,2019-03-19T18:29:38Z,Readers discuss the continuing problem of low numbers of minority students admitted to the city’s elite high schools.
https://www.nytimes.com/2019/03/20/nyregion/newyorktoday/nyc-news-stuyvesant-diversity.html,Stuyvesant: Why Were Only 7 Black Students Admitted?,By Azi Paybarah,2019-03-20T09:58:05Z,"Wednesday: Black and Hispanic students make up a majority of New York City’s public school system, but a minority at the top high schools."
https://www.nytimes.com/2019/01/22/magazine/my-sons-tutor-slipped-me-entrance-exam-questions-should-i-report-him.html,My Son’s Tutor Slipped Me Entrance-Exam Questions. Should I Report Him?,By Kwame Anthony Appiah,2019-01-22T10:00:01Z,The magazine’s Ethicist columnist on informing a school you’ve been given its entrance exam and contacting a half-sibling after a birth parent declines to meet you.
https://www.nytimes.com/2019/04/12/us/college-admissions-scandal-testing.html,"As Test Expert in Admissions Scandal Pleads Guilty, Exam Companies Move to Fix Weaknesses",By Anemona Hartocollis and Caroline S. Engelmayer,2019-04-12T09:00:13Z,The College Board said it would crack down on requests from students to take tests at schools other than their own.
https://www.nytimes.com/2018/12/14/nyregion/affirmative-action-lawsuit-nyc-high-schools.html,Challengers of Affirmative Action Have a New Target: New York City’s Elite High Schools,By Eliza Shapiro,2018-12-14T21:44:53Z,The controversy surrounding Mayor Bill de Blasio’s plan to integrate the city’s specialized high schools just intensified. 
https://www.nytimes.com/2018/10/13/opinion/sunday/harvard-and-the-myth-of-the-interchangeable-asian.html,Harvard and the Myth of the Interchangeable Asian,By Lisa Ko,2018-10-13T18:30:04Z,"We’re mistaken for each other, but we’re not mistaken about ourselves."
https://www.nytimes.com/2018/09/03/nyregion/nyc-chancellor-school-segregation.html,New York’s Schools Chancellor Is Talking About Integration. Can He Make It Happen?,By Dana Goldstein,2018-09-03T21:57:16Z,"Richard Carranza inherited one of the country’s most segregated systems, where officials have avoided change and where entrenched policies feed the problem."
https://www.nytimes.com/2018/09/04/nyregion/nyc-specialized-high-school-shsat.html,The Test That Changed Their Lives,By Amy Zerba and Gabrielle Guz,2018-09-04T19:01:16Z,"The SHSAT, a grueling one-day exam, is considered a golden ticket into one of New York City’s eight prestigious schools, if you score high enough. But the test is not perfect and has been the subject of public debate over its role in school segregation."
https://www.nytimes.com/2018/09/05/nyregion/new-york-today-back-to-school-preview.html,New York Today: A Back-to-School Preview,By Alexandra S. Levine and Amy Zerba,2018-09-05T10:00:03Z,"Wednesday: Soup-to-nuts on the new academic year, and reflections on the SHSAT."
https://www.nytimes.com/2018/10/16/us/charlottesville-riots-black-students-schools.html,‘You Are Still Black’: Charlottesville’s Racial Divide Hinders Students,By Erica L. Green and Annie Waldman,2018-10-16T09:00:14Z,"The New York Times and ProPublica examined the Charlottesville, Va., school system, which has one of the biggest racial gaps in the country."
https://www.nytimes.com/2018/08/21/nyregion/hunter-high-school-diversity-exam.html,Hunter High School Is 9 Percent Black or Hispanic. Why Isn’t It Part of the Diversity Debate?,By Elizabeth A. Harris,2018-08-21T16:40:41Z,"Segregation at the elite public school that caters to the gifted is just as bad as that at the specialized high schools, but it has mostly escaped scrutiny."
https://www.nytimes.com/2018/09/20/nyregion/de-blasio-school-integration-diversity-district-15.html,"De Blasio Acts on School Integration, but Others Lead Charge",By Eliza Shapiro,2018-09-20T17:02:15Z,The mayor’s approval of a middle-school diversity plan created by Brooklyn parents highlighted his own hesitation to address segregation citywide.
https://www.nytimes.com/2018/09/20/opinion/democrats-inequality-policy-midterms.html,Can the Democrats Rise Above?,By Thomas B. Edsall,2018-09-20T09:55:04Z,There is a lot of pressure on their coalition coming from within.
https://www.nytimes.com/2018/08/03/nyregion/admissions-test-shsat-high-school-study.html,"SHSAT Predicts Whether Students Will Succeed in School, Study Finds",By Tyler Pager,2018-08-03T23:45:23Z,"The city commissioned, but did not release, an SHSAT study in 2013, which found a strong relationship between test scores and high school achievement."
https://www.nytimes.com/2018/07/26/nyregion/brooklyn-latin-diversity-specialized-schools.html,One Elite High School Was Diverse. Then It Got Discovered.,By Tyler Blint-Welsh,2018-07-26T15:35:47Z,"Five years ago, 40 percent of Brooklyn Latin’s students were black or Latino. Today, less than a quarter are, and Latin struggles to maintain its identity."
https://www.nytimes.com/2018/07/18/nyregion/shsat-new-york-city-schools.html,Does Admissions Exam for Elite High Schools Measure Up? No One Knows,By Winnie Hu,2018-07-18T13:00:01Z,"The admissions test is supposed to identify students who will thrive at New York City’s specialized high schools, but there’s scant research showing that it does."
https://www.nytimes.com/2018/10/15/briefing/dna-trump-saudi.html,"DNA, Paul Allen, Saudi Arabia: Your Monday Evening Briefing",By Jean Rutter and Hiroko Masuike,2018-10-15T22:12:45Z,Here’s what you need to know at the end of the day.
https://www.nytimes.com/2018/08/29/nyregion/middle-schools-nyc-segregation.html,"Middle Schools Face Concentrated Poverty and Gaps in Opportunity, Report Finds",By Eliza Shapiro,2018-08-29T14:00:06Z,"A new study examines the challenges faced by children at middle schools with large numbers of low-income students, and how hard integration will be to achieve."
https://www.nytimes.com/2018/08/23/business/nyc-admissions-tests-shsat.html,Should These Tests Get a Failing Grade?,By James B. Stewart,2018-08-23T17:17:48Z,High scores on standardized tests are crucial for students seeking admission to elite schools. But faulty questions may be skewing the scores.
https://www.nytimes.com/2018/06/26/opinion/new-york-city-specialized-high-schools.html,Admission to New York City’s Elite High Schools,,2018-06-26T17:17:27Z,"A former principal of Bronx Science, a former city schools chancellor and a specialized school alumnus respond to an editorial."
https://www.nytimes.com/2018/08/13/nyregion/discovery-program-specialized-schools-nyc.html,Elite New York High Schools to Offer 1 in 5 Slots to Those Below Cutoff,By Winnie Hu,2018-08-13T09:00:08Z,"Specialized high schools will fill 20 percent of seats through the Discovery program, with offers going only to students from low-income middle schools."
https://www.nytimes.com/2018/06/21/nyregion/what-is-the-shsat-exam-and-why-does-it-matter.html,What Is the SHSAT Exam? And Why Does It Matter?,By Tyler Blint-Welsh,2018-06-21T19:16:06Z,The test to get into New York’s elite public schools has led to debate over school segregation. So how much weight does the test have and what are the proposed changes?
https://www.nytimes.com/2018/07/19/nyregion/new-york-today-are-electric-scooters-legal.html,New York Today: Are Electric Scooters Legal?,By Alexandra S. Levine,2018-07-19T10:00:03Z,"Thursday: The city’s stance on scooters, and art for our potholes."
https://www.nytimes.com/2018/08/23/business/nyc-admissions-tests-shsat.html,Should These Tests Get a Failing Grade?,By James B. Stewart,2018-08-23T17:17:48Z,High scores on standardized tests are crucial for students seeking admission to elite schools. But faulty questions may be skewing the scores.
https://www.nytimes.com/2018/06/26/opinion/new-york-city-specialized-high-schools.html,Admission to New York City’s Elite High Schools,,2018-06-26T17:17:27Z,"A former principal of Bronx Science, a former city schools chancellor and a specialized school alumnus respond to an editorial."
https://www.nytimes.com/2018/08/13/nyregion/discovery-program-specialized-schools-nyc.html,Elite New York High Schools to Offer 1 in 5 Slots to Those Below Cutoff,By Winnie Hu,2018-08-13T09:00:08Z,"Specialized high schools will fill 20 percent of seats through the Discovery program, with offers going only to students from low-income middle schools."
https://www.nytimes.com/2018/06/21/nyregion/what-is-the-shsat-exam-and-why-does-it-matter.html,What Is the SHSAT Exam? And Why Does It Matter?,By Tyler Blint-Welsh,2018-06-21T19:16:06Z,The test to get into New York’s elite public schools has led to debate over school segregation. So how much weight does the test have and what are the proposed changes?
https://www.nytimes.com/2018/07/19/nyregion/new-york-today-are-electric-scooters-legal.html,New York Today: Are Electric Scooters Legal?,By Alexandra S. Levine,2018-07-19T10:00:03Z,"Thursday: The city’s stance on scooters, and art for our potholes."
https://www.nytimes.com/2018/09/08/opinion/sunday/football-kids-brain-damage.html,The Kids Who Still Need Football,By Albert Samaha,2018-09-08T15:31:45Z,America is moving away from this dangerous sport. But some families will decide the risks are worth it. 
https://www.nytimes.com/2018/06/06/opinion/specialized-high-schools-new-york.html,The Battle Over Elite High Schools,,2018-06-06T17:11:38Z,Readers discuss a New York City proposal to eliminate the test that determines admission to these schools to diversify the student body.
https://www.nytimes.com/2018/08/12/nyregion/nyc-schools-chancellor-emails-texts.html,Texts Offer No Hint Schools Chief Would Back Out of New York Job,By Elizabeth A. Harris,2018-08-12T21:21:21Z,"There was talk of money and power in messages between the mayor’s office and the would-be schools chancellor, but no indication that Alberto M. Carvalho would change his mind."
https://www.nytimes.com/2018/06/13/opinion/stuyvesant-new-york-schools-de-blasio.html,De Blasio’s Plan for NYC Schools Isn’t Anti-Asian. It’s Anti-Racist.,By Minh-Ha T. Pham,2018-06-13T15:14:13Z,"It gives a diverse group of working-class kids a fairer shot, which shouldn’t be controversial."
https://www.nytimes.com/2018/08/09/us/chinese-americans-affirmative-action-admissions.html,They Left China to Chase the American Dream. Now They’re Fighting Affirmative Action.,By John Eligon,2018-08-09T09:00:07Z,An increasingly vocal group of Chinese-Americans who were once politically dormant has been galvanized by the fight over race-based school admissions.
https://www.nytimes.com/2018/06/23/us/confronting-asian-american-stereotypes.html,Confronting Asian-American Stereotypes ,,2018-06-23T16:00:01Z,"In this week’s Race/Related newsletter: a conversation with experts, plus a personal essay about discrimination. "
https://www.nytimes.com/2018/06/29/nyregion/specialized-school-exam-losers-winners.html,"Who Wins, and Who Loses, in the Proposed Plan for Elite Schools?",By Winnie Hu and Elizabeth A. Harris,2018-06-29T09:00:09Z,"A school that sends more than 200 students to the specialized schools would get about 20 spots under the new plan, which could upend the city’s middle schools."
https://www.nytimes.com/2018/06/16/us/lgbtq-africans-share-their-stories.html,Drawing a Portrait of L.G.B.T.Q. Life,,2018-06-16T16:00:00Z,African émigrés share their stories about searching for acceptance afar. 
https://www.nytimes.com/2018/06/08/nyregion/about-shsat-specialized-high-schools-test.html,"Decades Ago, New York Dug a Moat Around Its Specialized Schools",By Jim Dwyer,2018-06-08T23:10:03Z,The arguments over the specialized high schools exam are proxies for deeper issues of opportunity and fairness across the city’s schools and neighborhoods.
https://www.nytimes.com/2018/06/25/us/schools-excellence-gap.html,Educators Turn to Programs for Top Students to Narrow the ‘Excellence Gap’,By Dana Goldstein,2018-06-25T12:49:06Z,"Instead of just helping disadvantaged students to catch up with peers, educators are looking for ways to give them more chances to shine in advanced classes and selective schools."
https://www.nytimes.com/2018/06/13/opinion/de-blasio-stuyvesant-school.html,No Ethnic Group Owns Stuyvesant. All New Yorkers Do.,By Boaz Weinstein,2018-06-13T15:11:31Z,Mayor Bill de Blasio’s plan would destroy the best high schools in New York City.
https://www.nytimes.com/2018/07/03/nyregion/cynthia-nixon-new-york-governor-education.html,Cynthia Nixon. Parent. Activist. Governor?,By Elizabeth A. Harris and Kate Taylor,2018-07-03T09:00:01Z,The actor is running for governor as an education activist and public school parent. Supporters and detractors say those roles may reveal how she would govern.
https://www.nytimes.com/2018/06/20/nyregion/new-york-top-middle-schools-desegregation-plan-district-3-approved.html,"Top Middle Schools Must Take Struggling Students, City Says",By Winnie Hu,2018-06-20T16:30:12Z,"The desegregation plan, one of several proposed, will require schools to fill 25 percent of seats with children who are low income and have low test scores and grades."
https://www.nytimes.com/2018/06/03/nyregion/de-blasio-segregation-schools.html,"As Calls for Action Crescendo, de Blasio Takes On Segregated Schools",By Elizabeth A. Harris,2018-06-04T00:17:26Z,"With his re-election behind him, Mayor Bill de Blasio has called for changes to some of the city’s most prestigious and fiercely guarded schools."
https://www.nytimes.com/2018/06/05/nyregion/carranza-specialized-schools-admission-asians.html,Asian Groups See Bias in Plan to Diversify New York’s Elite Schools,By Elizabeth A. Harris and Winnie Hu,2018-06-05T17:35:23Z,"Some say a new plan to change how students are admitted to the city’s most prestigious schools, where Asians dominate, pits minority against minority."
https://www.nytimes.com/2018/06/17/nyregion/albany-session-end-legislation.html,"Legislative Year Ends on Wednesday, Likely With a Whimper",By Vivian Wang and Jesse McKinley,2018-06-17T19:26:16Z,"A late crop of hot-button issues, from school segregation to sports betting, has landed in Albany at the end of the session. Lawmakers seem poised to punt."
https://www.nytimes.com/2018/06/16/us/affirmative-action-asian-americans.html,Asian-Americans Face Multiple Fronts in Battle Over Affirmative Action,By John Eligon,2018-06-16T19:55:41Z,Asian-Americans have been among the most vocal opponents of affirmative action. But national surveys show that most favor it.
https://www.nytimes.com/2018/06/03/fashion/weddings/anna-jones-adom-crew.html,"Anna Jones, Adom Crew",,2018-06-03T04:00:01Z,"She replied to a message from him through the dating website OkCupid, but two months after he’d sent it."
https://www.nytimes.com/2018/06/06/nyregion/middle-school-admission-desegregation-nyc.html,"In a Twist, Low Scores Would Earn Admission to Select Schools",By Winnie Hu,2018-06-06T16:23:32Z,A novel desegregation plan would give priority to low-performing students for some seats at sought-after middle schools to create academic diversity.
https://www.nytimes.com/2018/06/13/nyregion/cynthia-nixon-education-platform-cuomo-democratic-governor-.html,"Cynthia Nixon’s Education Plan: Ambitious, Progressive, Expensive",By Elizabeth A. Harris,2018-06-13T10:00:04Z,"The candidate for governor of New York called for a big increase in school funding and for free tuition for 170,000 at public colleges."
https://www.nytimes.com/2018/03/07/nyregion/admissions-specialized-high-schools-new-york.html,Elite Schools Make Few Offers to Black and Latino Students,By Kate Taylor,2018-03-07T23:25:44Z,"In a pattern that has remained unchanged for years, minority children got just 10 percent of the spots at New York City’s specialized high schools."
https://www.nytimes.com/2018/04/23/nyregion/richard-carranza-schools-chancellor-interview.html,"Richard Carranza: ‘As the Chancellor, I Ultimately Own Everything’",By Elizabeth A. Harris,2018-04-23T10:00:05Z,"In an interview, the schools chief talked about where he differs from Mayor de Blasio, his commitment to desegregation and his vision for the system."
https://www.nytimes.com/2018/06/07/learning/runners-up-from-our-fifth-annual-student-editorial-contest.html,Runners-Up From Our Fifth Annual Student Editorial Contest,By The Learning Network,2018-06-07T12:46:13Z,"The 26 runners-up in this year’s contest made it through the first three rounds of judging, and were selected as top picks by multiple judges."
https://www.nytimes.com/2018/04/02/nyregion/nyc-school-chancellor-richard-carranza.html,"Welcome to New York, and Here’s a To-Do List",By Elizabeth A. Harris and Kate Taylor,2018-04-02T07:00:02Z,"As Richard Carranza takes over as chancellor of New York City’s public schools, here are seven of the biggest issues he will face."
https://www.nytimes.com/2018/04/19/learning/spring-fashion-facebook-animal-welfare-and-the-power-of-books-to-teach-our-favorite-student-comments-of-the-week.html,"Spring Fashion, Facebook, Animal Welfare and the Power of Books to Teach: Our Favorite Student Comments of the Week",By The Learning Network,2018-04-19T19:56:56Z,"The best teenage comments from last week’s writing prompts, and an invitation to join the conversation this week."
https://www.nytimes.com/2018/04/23/nyregion/richard-carranza-schools-chancellor-interview.html,"Richard Carranza: ‘As the Chancellor, I Ultimately Own Everything’",By Elizabeth A. Harris,2018-04-23T10:00:05Z,"In an interview, the schools chief talked about where he differs from Mayor de Blasio, his commitment to desegregation and his vision for the system."
https://www.nytimes.com/2018/04/02/nyregion/nyc-school-chancellor-richard-carranza.html,"Welcome to New York, and Here’s a To-Do List",By Elizabeth A. Harris and Kate Taylor,2018-04-02T07:00:02Z,"As Richard Carranza takes over as chancellor of New York City’s public schools, here are seven of the biggest issues he will face."
https://www.nytimes.com/2018/04/19/learning/spring-fashion-facebook-animal-welfare-and-the-power-of-books-to-teach-our-favorite-student-comments-of-the-week.html,"Spring Fashion, Facebook, Animal Welfare and the Power of Books to Teach: Our Favorite Student Comments of the Week",By The Learning Network,2018-04-19T19:56:56Z,"The best teenage comments from last week’s writing prompts, and an invitation to join the conversation this week."
https://www.nytimes.com/2017/12/26/realestate/commercial/recent-commercial-real-estate-transactions.html,Recent Commercial Real Estate Transactions,By Rosalie R. Radomsky,2017-12-26T19:18:12Z,Recent commercial real estate transactions in New York.
https://www.nytimes.com/2017/10/25/magazine/asian-test-prep-centers-offer-parents-exactly-what-they-want-results.html,Asian Test-Prep Centers Offer Parents Exactly What They Want: ‘Results’,By Alice Yin,2017-10-25T20:44:47Z,"Like the “cram schools” of Asia, academies prepare students — many from immigrant families — for everything from A.P. exams to New York’s high school admissions test."
https://www.nytimes.com/2017/08/01/education/edlife/public-schools-new-world-school-arts-miami.html,"Where All the School’s a Stage, and the List of Success Stories Is Long",By Lizette Alvarez,2017-08-01T09:00:24Z,"In high schools of the performing and visual arts, race, sexual identity and ZIP code are beside the point. But not academics."
https://www.nytimes.com/2017/08/09/magazine/what-a-fraternity-hazing-death-revealed-about-the-painful-search-for-an-asian-american-identity.html,What a Fraternity Hazing Death Revealed About the Painful Search for an Asian-American Identity,By Jay Caspian Kang,2017-08-09T09:00:07Z,"When Michael Deng, a college freshman, joined an Asian-American fraternity, he was looking for a sense of belonging and identity. Two months later he was dead."
https://www.nytimes.com/2017/06/06/nyregion/long-awaited-plan-for-integrating-schools-proves-mostly-small-bore.html,Long-Awaited Plan for Integrating Schools Proves Mostly Small-Bore,By Kate Taylor,2017-06-07T02:46:01Z,"Mayor de Blasio had promised a “bigger vision” for diversity in the city’s schools, but City Hall delivered a proposal with modest goals."
https://www.nytimes.com/2017/05/05/nyregion/school-choice-new-york-city-high-school-admissions.html,The Broken Promises of Choice in New York City Schools,By Elizabeth A. Harris and Ford Fessenden,2017-05-05T09:00:52Z,"The city’s high school admissions process was supposed to give every student a real chance to attend a good school. But 14 years in, it has not delivered."
https://www.nytimes.com/2017/03/22/opinion/the-truth-about-new-york-citys-elite-high-schools.html,The Truth About New York City’s Elite High Schools,By Damon Hewitt,2017-03-22T14:11:48Z,Bad policy and a false narrative of inferiority are keeping black and Latino students out of some of the city’s best schools.
https://www.nytimes.com/2017/03/22/opinion/the-truth-about-new-york-citys-elite-high-schools.html,The Truth About New York City’s Elite High Schools,By Damon Hewitt,2017-03-22T14:11:48Z,Bad policy and a false narrative of inferiority are keeping black and Latino students out of some of the city’s best schools.
https://www.nytimes.com/2017/03/08/nyregion/high-school-kindergarten-match-diversity.html,Diversity Lags as Students Are Matched With City Schools,By Elizabeth A. Harris,2017-03-08T23:18:50Z,"Black and Latino students make up 68 percent of the city’s school system, but received 10 percent of the offers to the most competitive high schools."
https://www.nytimes.com/2017/03/10/nyregion/new-york-city-high-school-admissions-rate.html,Couldn’t Get Into Yale? 10 New York City High Schools Are More Selective,By Elizabeth A. Harris,2017-03-10T23:42:28Z,Here are some of the most popular New York City high schools with the slimmest admissions rate.
https://www.nytimes.com/2017/01/11/magazine/what-to-do-about-a-physician-who-may-be-a-quack.html,What to Do About a Physician Who May Be a Quack,By Kwame Anthony Appiah,2017-01-11T10:00:03Z,The magazine’s Ethicist columnist on whether to report a doctor who gives many of her patients the same diagnosis and whether to help a daughter’s boyfriend with his college debts.
https://www.nytimes.com/2016/06/09/nyregion/new-york-city-to-help-blacks-and-hispanics-attend-elite-high-schools.html,New York City to Help Blacks and Hispanics Attend Elite High Schools,By Elizabeth A. Harris,2016-06-09T03:00:30Z,"In order to diversify its specialized schools, the Education Department plans more efforts to recruit underrepresented minorities and give them free test preparation."
https://www.nytimes.com/2016/05/03/opinion/how-colleges-can-again-be-levelers-of-society.html,How Colleges Can Again Be Levelers of Society,By Tina Rosenberg,2016-05-03T07:21:04Z,"Higher education has become a guardian of class division and privilege, but leadership can reverse that."
https://www.nytimes.com/2016/03/10/nyregion/legislators-seek-to-promote-diversity-at-specialized-schools.html,Legislators Seek to Promote Diversity at Elite Public High Schools,By Kate Taylor,2016-03-10T03:25:51Z,A $5 million initiative in Albany would help prepare black and Hispanic students for the admissions test for Brooklyn Tech and similar New York City high schools.
https://www.nytimes.com/2016/04/06/us/act-and-sat-find-a-profitable-market-as-common-core-tests.html,"Rejected by Colleges, SAT and ACT Gain High School Acceptance",By Kate Zernike,2016-04-05T12:13:57Z,"Both testing companies have pushed into the market for federally required tests in public schools, offering them even to students who do not plan to go to college."
https://www.nytimes.com/2016/03/06/magazine/the-plot-to-take-down-a-fox-news-analyst.html,The Plot to Take Down a Fox News Analyst,By Alex French,2016-03-01T12:00:28Z,"For years, Wayne Simmons claimed to be a former C.I.A. operative. Then one ex-spook got suspicious."
https://www.nytimes.com/2015/10/30/nyregion/at-a-success-academy-charter-school-singling-out-pupils-who-have-got-to-go.html,"At a Success Academy Charter School, Singling Out Pupils Who Have ‘Got to Go’",By Kate Taylor,2015-10-29T14:09:38Z,Sixteen children at the Brooklyn school appeared on a list with that title; nine later left. Current and former employees say the network puts pressure on some parents to withdraw.
https://www.nytimes.com/2015/03/06/nyregion/lack-of-diversity-persists-in-admissions-to-selective-new-york-city-high-schools.html,Lack of Diversity Persists in Admissions to New York City’s Elite High Schools,By Elizabeth A. Harris,2015-03-06T00:52:07Z,"Five percent of the students offered placement in eight specialized high schools were black and 7 percent were Hispanic, according to statistics released on Thursday."
https://www.nytimes.com/2015/02/08/nyregion/chancellor-carmen-farina-changes-new-york-city-schools-course.html,Chancellor Carmen Fariña Changes New York City Schools’ Course,By Kate Taylor,2015-02-06T10:00:36Z,"Ms. Fariña has rolled back Education Department policies adopted by the Bloomberg administration, but hasn’t spelled out what will come next."
https://www.nytimes.com/2014/12/07/nyregion/how-game-theory-helped-improve-new-york-city-high-school-application-process.html,How Game Theory Helped Improve New York City’s High School Application Process,By Tracy Tullis,2014-12-05T20:55:06Z,"As bad as many students and parents may think New York’s method of matching students and schools is, it was much worse before economists from Duke, M.I.T. and Stanford tackled it."
https://dealbook.nytimes.com/2014/12/02/morning-agenda-using-pay-to-encourage-public-service/,Morning Agenda: Using Pay to Encourage Public Service,By Sydney Ember,2014-12-02T12:30:39Z,"Encouraging public service, through the revolving door. | Web thieves are taking aim at the pharmaceutical industry. | Law schools battle for top students. | Lending club sets price range for I.P.O."
https://www.nytimes.com/2014/10/09/opinion/a-better-way-to-evaluate-college-applicants.html,A Better Way to Evaluate College Applicants?,,2014-10-08T21:55:02Z,Readers discuss whether colleges should use “assessment centers” rather than current methods.
https://www.nytimes.com/2014/10/22/nyregion/new-york-city-council-to-look-at-school-segregation.html,New York City Council to Look at School Segregation,By Elizabeth A. Harris,2014-10-22T02:33:08Z,"Though the Council has very limited power over public schools, the bill’s sponsors say they do have the ability to increase the volume of the conversation."
https://www.nytimes.com/2014/08/27/nyregion/despite-racial-disparity-alumni-group-backs-test-only-policy-for-elite-schools.html,"Despite Racial Disparity, Alumni Group Backs Test-Only Policy for Elite Schools",By Kate Taylor,2014-08-27T02:34:06Z,"Very few black and Hispanic students attend New York City’s eight specialized high schools, which base admissions solely on the results of a standardized test."
https://www.nytimes.com/2014/09/28/realestate/fort-greene-brooklyn-a-neighborhood-with-many-faces.html,"Fort Greene, Brooklyn: A Neighborhood With Many Faces",By John Freeman Gill,2014-09-24T15:00:06Z,"Several new high-rises, now in the works, will bring change to a landscape of low-rise brownstones, rowhouses and occasional frame houses."
https://www.nytimes.com/2014/07/30/upshot/when-the-college-admissions-battle-starts-at-age-3.html,When the College Admissions Battle Starts at Age 3,By Anna Bahr,2014-07-29T18:19:56Z,"In New York City, some parents are hoping that elite prekindergarten will give their children an edge at getting into Harvard. But will it?"
https://www.nytimes.com/2014/09/04/upshot/why-colleges-with-a-distinct-focus-have-a-hidden-advantage.html,Why Colleges With a Distinct Focus Have a Hidden Advantage,By Neil Irwin,2014-09-04T04:29:03Z,Looking at where students who gain admission to numerous colleges choose to go reveals some surprises.
https://www.nytimes.com/2014/08/22/arts/spare-times-for-children-for-aug-22-28.html,Spare Times for Children for Aug. 22-28,By Laurel Graeber,2014-08-21T22:41:01Z,"A listing of cultural events for children, teenagers and families."
https://www.nytimes.com/2014/08/03/education/edlife/an-mba-your-way.html,An M.B.A. Your Way,By Samantha Stainburn,2014-08-01T22:00:11Z,"If full-time study is too much of a commitment, there are plenty of other ways to fit training into a harried schedule."
https://www.nytimes.com/2014/08/03/education/edlife/law-business-medicine-dentistry-education-engineering.html,Going Professional: The Ins and Outs,By Eric Hoover,2014-08-01T22:00:11Z,We’re not talking about humanities here. A professional degree is all about pragmatism. Here’s “need to know” about admissions and the job market.
https://www.nytimes.com/2014/06/23/opinion/new-york-citys-top-public-schools-need-diversity.html,"Elite, Separate, Unequal",By Richard D. Kahlenberg,2014-06-23T00:45:27Z,New York City’s top public schools must become more diverse.
https://www.nytimes.com/2014/06/10/nyregion/scant-support-for-elite-new-york-high-schools-admissions-options.html,Scant Support for Elite New York High Schools’ Admissions Options,By Al Baker,2014-06-10T01:58:42Z,"The bills would allow New York City’s most selective high schools to allow multiple factors in deciding whom to admit, rather than one long test."
https://www.nytimes.com/2014/06/30/opinion/admissions-criteria-at-top-city-schools.html,Admissions Criteria at Top City Schools,,2014-06-29T23:48:51Z,Readers discuss the paucity of blacks and Latinos at New York City’s elite public schools.
https://www.nytimes.com/2014/05/21/business/economy/for-schools-long-road-to-a-level-playing-field.html,"For Schools, Long Road to a Level Playing Field",By Eduardo Porter,2014-05-20T23:51:00Z,"The United States, which lags most other industrial nations in educational performance, also has a persistent gulf in the test results between the rich and the poor."
https://www.nytimes.com/2014/05/02/pageoneplus/corrections-may-2-2014.html,"Corrections: May 2, 2014",,2014-05-02T06:37:37Z,"Corrections appearing in print on May 2, 2014."
https://www.nytimes.com/2014/04/21/nyregion/teacher-says-la-guardia-high-school-picks-tests-over-talent.html,Teacher Says LaGuardia High School Picks Tests Over Talent,By Al Baker,2014-04-21T01:34:13Z,Some wonder why test scores trumped talent after the performing arts school’s principal rejected students the faculty wanted to accept.
https://www.nytimes.com/2014/03/12/nyregion/status-quo-at-elite-new-york-schools-few-blacks-and-hispanics.html,Status Quo at Elite New York Schools: Few Blacks and Hispanics,By Al Baker,2014-03-12T02:44:42Z,The stagnant racial demographics at the city’s nine specialized high schools led Mayor Bill de Blasio to call again for increasing their diversity.
https://www.nytimes.com/2014/06/30/opinion/admissions-criteria-at-top-city-schools.html,Admissions Criteria at Top City Schools,,2014-06-29T23:48:51Z,Readers discuss the paucity of blacks and Latinos at New York City’s elite public schools.
https://www.nytimes.com/2014/05/21/business/economy/for-schools-long-road-to-a-level-playing-field.html,"For Schools, Long Road to a Level Playing Field",By Eduardo Porter,2014-05-20T23:51:00Z,"The United States, which lags most other industrial nations in educational performance, also has a persistent gulf in the test results between the rich and the poor."
https://www.nytimes.com/2014/05/02/pageoneplus/corrections-may-2-2014.html,"Corrections: May 2, 2014",,2014-05-02T06:37:37Z,"Corrections appearing in print on May 2, 2014."
https://www.nytimes.com/2014/04/21/nyregion/teacher-says-la-guardia-high-school-picks-tests-over-talent.html,Teacher Says LaGuardia High School Picks Tests Over Talent,By Al Baker,2014-04-21T01:34:13Z,Some wonder why test scores trumped talent after the performing arts school’s principal rejected students the faculty wanted to accept.
https://www.nytimes.com/2014/03/12/nyregion/status-quo-at-elite-new-york-schools-few-blacks-and-hispanics.html,Status Quo at Elite New York Schools: Few Blacks and Hispanics,By Al Baker,2014-03-12T02:44:42Z,The stagnant racial demographics at the city’s nine specialized high schools led Mayor Bill de Blasio to call again for increasing their diversity.
https://www.nytimes.com/2014/03/07/us/then-and-now-a-test-that-aims-to-neutralize-advantages-of-the-privileged.html,"Then and Now, a Test That Aims to Neutralize Advantages of the Privileged",By Richard Pérez-Peña,2014-03-07T02:02:15Z,"The people who first designed the SAT decades ago wanted to identify a new elite based on brains rather than heredity, not necessarily to expand access to college."
https://www.nytimes.com/2013/12/31/nyregion/de-blasio-names-veteran-city-educator-to-lead-schools.html,De Blasio Recognizes Obstacles Standing in Way of Schools Plan,By Javier C. Hernández and Al Baker,2013-12-30T17:31:51Z,"While announcing his choice of Carmen Fariña as the next chancellor of New York City schools, Mayor-elect Bill de Blasio acknowledged that his agenda could face hurdles."
https://www.nytimes.com/2013/12/15/opinion/sunday/in-math-and-science-the-best-fend-for-themselves.html,Even Gifted Students Can’t Keep Up,By The Editorial Board,2013-12-14T23:22:21Z,"With its best students far behind their foreign peers, America needs new ideas to nurture their talent and produce new innovators."
https://www.nytimes.com/2013/12/11/opinion/too-few-girls-and-minorities-study-tech-subjects.html,Missing From Science Class,By The Editorial Board,2013-12-11T01:28:47Z,"Too many girls and minorities are being held back from success in science, technology and engineering fields."
https://www.nytimes.com/2013/09/26/fashion/moms-van-is-called-uber.html,Mom’s Van Is Called Uber,By Bee Shapiro,2013-09-25T21:43:12Z,"Parents are turning to Uber, a company that connects passengers and drivers of luxury vehicles, to have their children conveyed around the city."
https://opinionator.blogs.nytimes.com/2013/08/07/mentoring-students-to-prevent-the-summer-slide/,Mentoring Students to Prevent the ‘Summer Slide’,By Peg Tyre,2013-08-07T11:00:25Z,Most students lose a month or more of skills over the summer break. A new program is helping struggling student use that time to move ahead instead.
https://www.nytimes.com/2013/08/23/arts/spare-times-for-children-for-aug-23-29.html,Spare Times for Children for Aug. 23-29,By Laurel Graeber,2013-08-22T22:02:07Z,"A listing of cultural events for children, teenagers and families."
https://www.nytimes.com/2012/08/15/business/hca-giant-hospital-chain-creates-a-windfall-for-private-equity.html,A Giant Hospital Chain Is Blazing a Profit Trail,By Julie Creswell and Reed Abelson,2012-08-14T15:54:25Z,"Under private equity ownership, HCA made an aggressive push for more revenue that sometimes led to conflicts with doctors and nurses over patient care."
https://thechoice.blogs.nytimes.com/2012/10/22/guidance-office-sat-act-1/,Part 1: Answers to Readers’ Questions About the SAT and ACT,By Tanya Abrams,2012-10-22T10:00:15Z,"Kathryn Juric of the SAT, and Jon Erickson of the ACT, are answering select reader questions about standardized tests. Part 1."
https://thechoice.blogs.nytimes.com/2012/12/20/transcript-of-the-choice-blogs-college-application-help-line/,Transcript of The Choice Blog’s College Application Help Line,By Tanya Abrams and Jacques Steinberg,2012-12-20T22:47:20Z,"On Wednesday, The Choice hosted a live, hourlong College Application Help Line on Facebook, in an effort to help high school seniors and their families navigate this pivotal period of the admissions process with confidence."
https://www.nytimes.com/2013/01/13/education/in-one-school-students-are-divided-by-gifted-label-and-race.html,"Gifted, Talented and Separated",By Al Baker,2013-01-12T06:43:14Z,"At P.S. 163 on the Upper West Side, the accelerated program is mostly white and middle class, unlike the rest of the school."
https://thechoice.blogs.nytimes.com/2012/11/01/sat-cancellation-spreads-to-several-states-affected-by-storm/,SAT Cancellation Spreads to Several States Affected by Storm,By Tanya Abrams,2012-11-01T21:55:15Z,"Some 1,500 test centers may be affected in New York, New Jersey, Pennsylvania, Maryland, Delaware and other states still recovering from the storm."
https://thechoice.blogs.nytimes.com/2012/12/04/counselors-calendar-december-juniors/,December College Checklist for Juniors,By Jeffrey Neill,2012-12-04T10:59:43Z,"Jeffrey Neill, a director of college counseling, advises college-bound juniors to start making their summer plans now."
https://www.nytimes.com/2012/09/28/nyregion/specialized-high-school-admissions-test-is-racially-discriminatory-complaint-says.html,Charges of Bias in Admission Test Policy at Eight Elite Public High Schools,By Al Baker,2012-09-28T01:31:44Z,A coalition of educational and civil rights groups said in a federal complaint Thursday that a test disproportionally excluded black and Hispanic students from New York City’s elite public schools.
https://thechoice.blogs.nytimes.com/2012/04/03/calendar-april-junior/,Counselor’s Calendar | April Checklist for Juniors,By Erin K. Johnston,2012-04-03T09:48:23Z,"Expert advice for juniors during the final month of April, including plans for taking standardized tests and strategies for selecting the right classes for senior year."
https://thechoice.blogs.nytimes.com/2012/09/17/tip-sheet-5-ways-to-find-your-college-fit/,Tip Sheet | 5 Ways To Find Your College Fit,By Mim L. Runey,2012-09-17T18:30:37Z,"The author, a campus president at Johnson & Wales University, is also a mother. She offers first-hand professional and personal advice about navigating the college admissions process."
https://cityroom.blogs.nytimes.com/2012/10/26/transit-shutdown-possible-as-sandy-bears-down-on-city/,Transit Closings Possible as Hurricane Sandy Approaches,By Andy Newman and Matt Flegenheimer,2012-10-26T18:04:38Z,The M.T.A.’s hurricane plan calls for a shutdown of its above-ground subway and train lines in advance of sustained winds of 39 miles an hour. Forecasters are calling for winds at least that high beginning Monday. Get ready.
https://www.nytimes.com/2012/10/31/nyregion/delayed-admissions-test-for-some-means-weeks-more-to-study.html,"Storm Disrupts Admissions Test Weekend, Giving Some More Time to Study",By Ariel Kaminer,2012-10-31T01:59:06Z,"About 14,000 eighth graders will have three more weeks to prepare for an exam to get into elite high schools, because Hurricane Sandy’s approach disrupted the scheduled test date."
https://cityroom.blogs.nytimes.com/2012/10/15/at-elite-schools-a-single-test-comes-under-review/,"At Elite Schools, a Single Test Comes Under Review",By Clyde Haberman,2012-10-15T13:25:50Z,"The Day: Some are charging that an admission-test policy, which has been in place at some of New York’s elite schools for decades, is discriminatory."
https://www.nytimes.com/2012/10/27/education/a-grueling-admissions-test-highlights-a-racial-divide.html,"For Asians, School Tests Are Vital Steppingstones",By Kyle Spencer,2012-10-27T01:14:24Z,"As Asian students succeed in the admissions test for New York City’s elite public high schools, they point to family motivation, but others say the test discriminates against some students."
https://www.nytimes.com/2012/03/01/education/more-blacks-and-latinos-admitted-to-elite-new-york-high-schools.html,More Blacks and Latinos Admitted to Elite New York High Schools,By Fernanda Santos,2012-03-01T03:39:53Z,"The 14 percent uptick for the two groups reverses a years-long decline in admissions to the city’s specialized schools, where admittance is based on a single test."
https://india.blogs.nytimes.com/2012/04/05/for-international-students-a-college-admissions-checklist-for-april/,"For International Students, a College Admissions Checklist for April",By Tanya Caldwell,2012-04-05T22:41:27Z,"For this week’s installment of The Choice on India Ink, we present an international version of our April checklist for juniors and seniors."
https://www.nytimes.com/2012/02/26/education/black-at-stuyvesant-high-one-girls-experience.html,To Be Black at Stuyvesant High,By Fernanda Santos,2012-02-25T06:31:23Z,"Rudi-Ann Miller is one of 40 blacks among the 3,295 students at New York’s Stuyvesant High School. The experience can be isolating, but she has had no regrets."
https://thechoice.blogs.nytimes.com/2013/03/01/getting-in-without-the-sat/,Getting In Without the SAT,By Michael A. Wilner,2013-03-01T10:58:28Z,The list of colleges and universities dropping the admissions requirement of standardized test scores continues to extend each year.
https://www.nytimes.com/2012/11/12/opinion/the-elite-eight-high-schools-on-the-federal-radar.html,"The Elite Eight, on the Federal Radar",,2012-11-12T02:33:16Z,Controversial admissions policies at New York City’s top high schools deserve more scrutiny.
https://www.nytimes.com/2012/11/12/opinion/the-elite-eight-high-schools-on-the-federal-radar.html,"The Elite Eight, on the Federal Radar",,2012-11-12T02:33:16Z,Controversial admissions policies at New York City’s top high schools deserve more scrutiny.
https://www.nytimes.com/2013/03/04/world/asia/04iht-educlede04.html,A Global Curriculum for a Globalized Era,By Gayatri Rangachari Shah,2013-03-03T20:57:40Z,More Indian students are choosing to take the International Baccalaureate over their own national curriculum -- even those who are not planning on heading overseas.
https://india.blogs.nytimes.com/2012/03/07/for-international-students-a-college-admissions-checklist-for-march/,"For International Students, a College Admissions Checklist for March",By Tanya Caldwell,2012-03-08T01:15:58Z,"For this week’s installment of The Choice on India Ink, we present an international version of our March checklist for juniors."
https://www.nytimes.com/2012/10/07/nyregion/for-poor-schoolchildren-a-poverty-of-words.html,"Before a Test, a Poverty of Words",By Ginia Bellafante,2012-10-06T02:59:59Z,"Along the socioeconomic spectrum in New York City’s student population, there is a corresponding vocabulary gap for children beginning in kindergarten."
https://www.nytimes.com/2012/10/17/opinion/the-exclusive-eight-high-schools.html,The Exclusive Eight,,2012-10-17T01:39:40Z,A complaint from civil rights groups over a single test used to screen applicants to New York City’s elite public schools was overdue.
https://india.blogs.nytimes.com/2012/12/06/for-international-students-college-checklists-for-december/,"For International Students, College Checklists for December",By Jeffrey Neill and David Burke,2012-12-07T00:25:49Z,College counselors in the United States offer monthly advice for juniors and seniors who want to stay on track during the admissions process.
https://www.nytimes.com/2012/03/19/world/americas/in-ecuador-garage-universities-are-bracing-for-reform.html,‘Garage Universities’ Are Bracing for School Reform,By William Neuman,2012-03-19T01:17:11Z,Ecuador’s overhaul of its university system includes an evaluation system that threatens to close failing schools and an aptitude test for admissions.
https://www.nytimes.com/2013/03/23/nyregion/girls-outnumbered-in-new-yorks-elite-public-schools.html,Girls Excel in the Classroom but Lag in Entry to 8 Elite Schools in the City,By Al Baker,2013-03-23T00:24:02Z,"More girls than boys have been going to college for years now, but at one set of prestigious public schools in New York City, it’s the girls who are lagging."
