link,headline,author,date_published,snippet
https://www.qchron.com//opinion/letters_to_the_editor/,Promote the SHSAT,,2025-08-21T10:30:00-04:00,"The Queens Chronicle is to be commended for its efforts in calling the public’s attention to the apparent lack of interest in applying for admission to schools that use the Specialized High Schools Admissions Test, in its Aug. 7 editorial “SHSAT and other top schools.” This downward trend merits immediate attention.It may be that such high schools as The Bronx High School of Science, Brooklyn Technical High School, Queens High School for the Sciences at York College, Stuyvesant High School and others have wide implications for society at large, as well as for students who will have to earn a living as they compete for employment after their college education. If neighborhood schools and specialized high schools fall by the wayside, what remains? Strictly vocational-oriented schools."
https://www.qchron.com//opinion/letters_to_the_editor/,Reforming the SHSAT,,2025-08-14T10:30:00-04:00,"The Specialized High School Admissions Test may be a multiple-choice exam but this challenge is not. The problem of our racially imbalanced specialized high schools requires a really long answer.Here’s the required reading. In 2018, the Brooklyn Tech Alumni Foundation produced a 136-page essay, available at tinyurl.com/32tesvd9, proposing solutions and citing data proving success."
https://www.qchron.com//opinion/editorial/,SHSAT and other top schools,,2025-08-07T10:30:00-04:00,"After years of supposedly expanded efforts to get more Black and Hispanic children to take the Specialized High School Admissions Test, and to better prepare them for it, it’s disappointing to learn the numbers are not improving. In fact, they’re getting worse.According to new city Department of Education data, 4,023 eighth-grade students were offered admission this year to one of the city’s “Elite Eight” schools — Stuyvesant, Bronx Science, Brooklyn Tech and their more recently established brethren. Admissions to the eight schools are based on SHSAT scores, as per state law, and this page remains in support of that, in order to maintain excellence."
https://www.qchron.com//opinion/letters_to_the_editor/,Parents win SHSAT fight,,2024-12-26T10:30:00-05:00,"I am the mom of an eighth-grader and an alum of a specialized high school. I am also a co-founder and co-president of PLACE NYC, a grassroots parent volunteer group that advocates for accelerated education in NYC public schools. Today, we celebrate a win — the Panel for Educational Policy, NYC’s school board, approved the SHSAT contract last Wednesday night."
https://www.qchron.com//editions/queenswide/computerized-shsat-approved-by-panel/article_e9322b2c-be2d-11ef-a491-070ae2a38355.html,Computerized SHSAT approved by panel,,2024-12-19T12:23:00-05:00,"The Panel for Educational Policy, the governing body of NYC public schools, in a much-anticipated vote approved a contract for a computerized version of the Specialized High School Admissions Test last Wednesday evening. The vote was 14-2, with four abstentions.The five-year, $17 million contract with Pearson, Inc. was the subject of plenty of discourse over the last few months. The PEP was originally slated to vote on it in October, but it was delayed until November, and then again until December. Education officials said that if the contract did not pass, there would be no SHSAT next year."
https://www.qchron.com//opinion/editorial/,Save the Elite Eight’s SHSAT,,2024-12-12T10:30:00-05:00,"Some of New York City’s best high schools are the “Elite Eight,” a group to which students get admitted by taking what is called the Specialized High School Admissions Test. You know some of the names: Stuyvesant, Bronx Science, Brooklyn Tech. They’re educational legends.Now the SHSAT is in serious danger and, along with it, those schools and the students who desperately want to get admitted to them. The test has come under fire before, especially during the mayoral administration of Bill de Blasio, but never before has it been in the jeopardy it is in today."
https://www.qchron.com//editions/queenswide/students-prep-for-the-crucial-shsat/article_4cc49699-d2a1-58bd-9eb2-369a5a56e89c.html,Students prep for the crucial SHSAT,,2021-10-21T10:30:00-04:00,"Amy Nicolas, an eighth-grader at Blessed Sacrament Catholic Academy, had been busy studying for a test without a date. Now, she finally has one.That exam — the Specialized High School Admissions Test — is the decisive admissions factor for eight of the nine specialized high schools in New York City. Public schools opened Sept. 13, and the city Department of Education website was recently updated to include a registration deadline of Nov. 15 and a handful of December test dates including Dec. 2, 5, 11 and 12. It also offers a short list of downloadable practice tests and materials."
https://www.qchron.com//opinion/letters_to_the_editor/,Help us save the SHSAT,,2020-12-10T10:30:00-05:00,"Dear Editor:The Chinese American Citizens Alliance of Greater New York asks members and friends to join the urgent email campaign below directed to Gov. Cuomo posted at bit.ly/33YQ5CA.This campaign aims to show Gov. Cuomo that there is strong opposition against another just-launched email campaign that asks Gov. Cuomo to suspend specialized high school admission test administration this year via executive order. Sponsors of that campaign include our usual SHSAT adversaries: the so-called Education Council Consortium, the so-called Teens Take Charge, Coalition for Asian American Children & Families and IntegrateNYC. They make no secret that their real agenda is to abolish forever the SHSAT and the race-blind academic rigor it stands for; the lockdown is just an exploitable excuse.It is totally Mayor de Blasio’s fault that he did not administer the SHSAT in November, when other high school admissions tests — those for private schools, those for Catholic schools — were administered fine in NYC, no drama. It is for de Blasio to solve the problem he created. It is not for Gov. Cuomo to cover for this hapless mayor and his toxic education chancellor. There are still plenty of ways for them to administer the three-hour test, in person, immediately.We thank the Coalition of NYC Specialized High School Alumni Associations for sponsoring this critical campaign. Please participate and ask friends to join!Phil WongPresidentChinese American Citizens Alliance of Greater New YorkManhattanThe writer is a resident of Elmhurst."
https://www.qchron.com//editions/queenswide/legislators-coming-for-the-shsat/article_07de9b43-aeb9-5647-9387-9a7237385567.html,Legislators coming for the SHSAT,,2020-07-23T10:30:00-04:00,"The momentum of the Black Lives Matter movement is beginning to carry over into education reform.Teens Take Charge, a student-led organization, gathered a group of legislators on Monday to advance their goal of doing away with the Specialized High School Admissions Test to address the disproportionately low enrollment of black and Hispanic students offered in the city’s “elite eight.”"
https://www.qchron.com//opinion/letters_to_the_editor/,Chronicle stood tall on SHSAT,,2019-11-07T10:30:00-05:00,"Dear Editor:Re “On SHSAT, a win for our top students,” Editorial, Oct. 3:Indeed, on behalf of the advocates who believe in keeping the specialized high school admissions test, we thank the Queens Chronicle for your unbiased and candid reporting on the SHSAT issue. From covering the first SHSAT community forum at Flushing Library in 2014 to the debate with the NAACP to where we are now, you have been a staunch supporter.I have shared your editorial with the “new recruits” so they understand that this has been a long-fought struggle, and your paper has kept up with us every step of the way.SHSAT advocacy group CoalitionEDU, a loose network of alumni and parents formed early on, has inspired others to organize into groups such as KeepSHSAT.org — garnering 28,000 names on change.org — the Chinese American Citizens Alliance of Greater New York, Residents Alliance, Coalition of Asian Americans for Civil Rights, Scholastic Merit Fund — which hired lobbyists this year, SMF Political Action Committee and Education Equity. They launched dozens of marches and protests with thousands of activated supporters and worldwide media coverage.This was truly a movement, and the Queens Chronicle was one of the first to be there when it started.Unfortunately, the road ahead is long, especially with some mayoral candidates who already aspire to be Bill de Blasio ll. Fortunately, the movement is not disbanding but evolving and growing, to continue to stand up against agenda-driven policies and demand practical solutions that will benefit all of the students of New York and create educational advancement instead of racial division and reduced standards.Thank you for being there and giving us a voice.David LeeChairman of the Education Committee,Chinese American Citizens Alliance of Greater New YorkFlushing"
https://www.qchron.com//editions/eastern/,EQA offers SHSAT prep,,2019-08-29T10:30:00-04:00,The Eastern Queens Alliance is offering a series of test preparation workshops for students in grades 8 and 9 who are taking the SHSAT exams for New York City’s specialized high schools.Applicants must be New York City residents and either an eighth-grader or a first-time ninth-grader.
https://www.qchron.com//editions/queenswide/shsat-who-has-the-answers/article_dd2126ee-4f42-5e13-92fb-738c87fa8036.html,SHSAT: Who has the answers?,,2019-08-29T10:30:00-04:00,"A year ago, Mayor de Blasio published an op ed piece on Chalkbeat.com, the website which covers the city school system, and the debris is still raining down from the explosion it set off.“The Specialized High School Admissions Test isn’t just flawed — it’s a roadblock to justice, progress and academic excellence,” the mayor wrote."
https://www.qchron.com//editions/queenswide/,Lawmaker forum on SHSAT,,2019-04-04T10:30:00-04:00,"A series of five town halls on the diversity problem facing New York City’s elite high schools is set to start in Queens next week.State Sen. John Liu (D-Bayside), the Education Committee chairman, called for the public forums last month when it was revealed that just 10.5 percent of the spots in next year’s freshman class at the city’s eight specialized high schools were offered to black and Hispanic students."
https://www.qchron.com//editions/queenswide/shsat-controversy-continues-to-divide/article_71be0bbd-b7e9-5ae4-88bd-a4b19462a8ad.html,SHSAT controversy continues to divide,,2018-10-25T10:30:00-04:00,Protesters voiced their objections to the possible repealing of the Specialized High School Admissions Test at a Community Education Council 24 meeting last Tuesday at PS 7.Mayor de Blasio and Schools Chancellor Richard Carranza have placed an emphasis on diversity in schools and contend that scrapping the SHSAT would help. The exam is the sole means of admissions to the city’s “Elite Eight” specialized high schools.
https://www.qchron.com//opinion/editorial/,Drop the anti-SHSAT crusade,,2018-10-18T10:30:00-04:00,"There they go again, Mayor de Blasio and Schools Chancellor Richard Carranza, determined to ruin quality in the name of equality.The target, of course, is one of their broken-record favorites, the so-called Elite Eight high schools whose admissions are based solely upon applicants’ scores on one exam: the Specialized High Schools Admissions Test. This time it was Carranza’s turn to lament the exam’s alleged lack of fairness. He recently said the city on its own could “probably” change the enrollment criteria for five of the eight schools."
https://www.qchron.com//editions/queenswide/pols-axing-shsat-not-the-solution/article_96dbc150-3e29-5311-bbf4-8628d0e8b2b4.html,Pols: Axing SHSAT not the solution,,2018-03-15T10:30:00-04:00,"Throughout the five boroughs, the relative lack of black and Latino students at the city’s “elite eight” high schools is one of the most controversial education issues.According to Department of Education statistics released earlier this month, 51.7 percent of 2018 admissions offers for the schools went to Asians and 26.5 percent went to whites. The numbers for Latinos and blacks, respectively, were 6.3 percent and 4.1 percent."
https://www.qchron.com//opinion/letters_to_the_editor/,SHSAT: key to success,,2014-10-30T10:30:00-04:00,"Dear Editor:How will we fix the issue of diversity in the specialized high school system?The issue has centered around preparation. Asians and whites, as repeatedly noted, undergo rigorous preparation after school in order to attend such schools. But again, is that wrong?Asians are unique in the immigrant community in their high levels of educational achievement. Because of the preference for professionals in the immigration system, some Asian Americans are bound to be highly educated and, thus, overshadow others with their achievements.Consider the Dalton School: a famous, prestigious private school on the Upper East Side. In the high school, 10 percent of students consider themselves African American; 9.5 percent Asian American; and 5 percent Latino. Asian Americans are only slightly underrepresented with respect to the city population as a whole. (According the 2010 Census, 11.8 percent of the city considered themselves Asian American. That number has likely increased.) However, despite this nearly accurate representation, there is a strange information gap that exists within low-income Asian communities (such as Flushing) where students have never heard of schools where they are supposedly represented.What does this tell us? Schools aren’t actively recruiting poor Asian-American students. Besides the small portion of Asian-American students targeted by programs such as Prep For Prep, unbiased admissions criteria are the only straw that Asian students have left to grasp. It is a known fact that most prestigious East Coast colleges discriminate against Asian applicants. Let’s not take away the only hope that Asians have. Leave the Specialized High School Admissions Test alone.Heebong KimFlushing"
https://www.qchron.com//editions/queenswide/shsat-still-shows-racial-disparities/article_8e546ec1-fe4d-5921-a441-310175bc1d31.html,SHSAT still shows racial disparities,,2025-08-07T10:30:00-04:00,"Fewer city specialized high school offers were made to Black and Hispanic students who took the Specialized High School Admissions Test this year, according to data released last week by the city Department of Education. The test is the sole admission criteria for the city’s eight specialized high schools.The DOE said 25,933 eighth-grade students took the SHSAT this year, and 4,023 received an offer of admission based on their exam store."
https://www.qchron.com//editions/queenswide/,CEC 26 unanimously supports the SHSAT,,2024-12-19T10:30:00-05:00,"Ahead of a vote by the Panel for Educational Policy on a contract for a computerized version of the Specialized High School Admissions Test, Community Education Council 26 in Oakland Gardens on Dec. 12 unanimously approved a resolution calling for no changes to the admissions process to specialized high schools.City Schools Deputy Chancellor Dan Weisberg, at the November PEP meeting, said there would be no SHSAT next year should the contract not be approved. The PEP’s vote was set for the evening of Dec. 18, after the Chronicle’s publication time."
https://www.qchron.com//editions/queenswide/mayor-backs-off-shsat-elimination/article_fae17feb-af85-5122-8b9b-b266da5e0cef.html,Mayor backs off SHSAT elimination,,2019-10-03T10:30:00-04:00,"Mayor de Blasio last week surprised his critics and gave up his hot-button plan to eliminate the Specialized High School Admission Test as the only means of getting into the city’s “elite eight” high schools.“Our plan didn’t work,” de Blasio said at City Hall Wednesday. “It was a good plan, but it didn’t get passed."
https://www.qchron.com//editions/queenswide/,Anti-SHSAT bill shot down,,2015-04-30T10:30:00-04:00,"A state Senate bill to change the admission process for specialized high schools was defeated in the Education Committee on Tuesday — without even coming to a vote.According to a spokeswoman for state Sen. Toby Ann Stavisky (D-Flushing), an alumnus of Bronx Science, the bill was not moved for a vote by any member of the committee, and as a result was dead by default."
https://www.qchron.com//editions/queenswide/queens-gop-club-defends-the-shsat/article_dba8b085-8388-5264-bd28-0b955cc751a7.html,Queens GOP club defends the SHSAT,,2015-02-12T10:30:00-05:00,"True to its stated values of promoting high standards in education, the Queens Village Republican Club last Thursday hosted a panel discussion on why the single entrance exam policy for the city’s eight specialized high schools ought to remain intact.The Specialized High School Admissions Test is a three-hour exam with 45 multiple- choice verbal questions and 50 multiple-choice mathematics problems."
https://www.qchron.com//editions/queenswide/shsat-future-unclear-as-panel-vote-nears/article_baf3c751-8f81-5f26-a53d-bc3daee821a0.html,SHSAT future unclear as panel vote nears,,2024-12-12T10:30:00-05:00,"Students in grades eight or nine who wish to attend one of the city’s specialized high schools are required to take the Specialized High Schools Admissions Test, per state law.But many are worried that there won’t be an opportunity to take the SHSAT next year, leaving the eight specialized high schools without a freshman class."
https://www.qchron.com//editions/queenswide/black-latino-shsat-offers-see-decline/article_e8ae0116-9626-5229-a37b-15345c3b906c.html,"Black, Latino SHSAT offers see decline",,2021-05-06T10:30:00-04:00,"After years of scrutiny over the disproportionately small number of Black and Latino students who gained admission into New York City’s acclaimed specialized high schools, that number dropped even lower for the coming year.This year, 23,528 eighth-graders took the Specialized High School Admissions Test, with a total of 4,262 receiving an offer to one of the eight schools based on their exam scores. Black and Latino students were only offered 9 percent of spots in specialized high schools for the 2021-22 school year despite making up about 70 percent of the school population. That admission figure is down from 11 percent the year before, and 10.5 percent in 2019, according to education department data released Thursday."
https://www.qchron.com//editions/central/parents-protest-delays-on-shsat-gifted-and-talented-testing/article_e8a509ec-25f5-11eb-b490-c356cf69d1d1.html,"Parents protest delays on SHSAT, gifted and talented testing",,2020-11-13T16:19:00-05:00,"The dozens of parents gathered in front of MS 74 Thursday afternoon couldn’t be bothered by the rain and dropping temperatures — they were too angry that the Department of Education has, yet again, delayed specialized high school as well as gifted and talented testing dates."
https://www.qchron.com//editions/queenswide/parents-protest-delays-on-shsat-g-t-tests/article_0fc62c25-4064-5377-b618-9c18aa414efb.html,"Parents protest delays on SHSAT, G&T tests",,2020-11-19T10:30:00-05:00,"The dozens of parents gathered in front of MS 74 Thursday afternoon couldn’t be bothered by the rain and dropping temperatures — they were too angry that the Department of Education has, yet again, delayed specialized high school as well as gifted and talented testing dates.The DOE had released fliers two days earlier with information on how to register for Division of Early Childhood and Enrollment information sessions, but after following the link, parents found they all have been “postponed until further notice.” Similarly, the Specialized High School Admissions Test has been postponed indefinitely after the department said it has to adapt to new COVID-19 developments."
https://www.qchron.com//opinion/editorial/,"On SHSAT, a win for our top students",,2019-10-03T10:30:00-04:00,"If you believe in fundamental fairness, in the individual, in the Rev. Martin Luther King Jr.’s dream that one day people would be judged not by the color of their skin but by the content of their character, that all New York City children should enjoy equality of opportunity and not equality of outcome dictated from the top down, it’s time to celebrate.After years of fruitless agitation that threw parents citywide into a tizzy, inflamed racial tension and endangered the future of some of the city’s top schools and their thousands of students, Mayor de Blasio has given up on his ill-advised effort to get the Specialized High School Admissions Test discarded and to diminish the education provided at the “elite eight” institutions that use it. He says it’s time to “start over.”"
https://www.qchron.com//editions/central/mayor-changes-his-mind-about-ending-shsat/article_c584f114-e098-11e9-8ac9-63d8ed9ca4af.html,Mayor changes his mind about ending SHSAT,,2019-09-26T16:03:00-04:00,Mayor de Blasio is backing down from his contentious plan to scrap the Specialized High School Admission Test in order to bring more racial diversity to the city's elite high schools.
https://www.qchron.com//editions/queenswide/keep-shsat-pols-told-at-hs-forum/article_f59b2185-3f0b-56d5-ac8a-f5261ade3454.html,"Keep SHSAT, pols told at HS forum",,2019-04-18T10:30:00-04:00,"An overflow crowd of passionate parents showed up at Borough Hall last Thursday evening for a forum chaired by a group of state senators about how to diversify New York City’s specialized high schools.“Talking about the ‘achievement gap’ between black and Latino students and Asian and white students has become a reflexive part of our language in this discussion,” said John J. Keller, a parent and member of Community Education Council, District 2."
https://www.qchron.com//editions/queenswide/what-schools-look-like-without-shsat/article_95da1881-527a-59b1-8740-9dc7b278fa77.html,What schools look like without SHSAT,,2019-02-07T10:30:00-05:00,"A test simulation of the mayor’s controversial specialized high school admission plan indicates that it would cut the number of Asian students admitted to the city’s “elite eight” schools by half.By eliminating the rigorous tests middle schoolers have had to take for decades to get into high schools like Stuyvesant and Brooklyn Tech and changing admission formulas, the number of black and Hispanic students would double under the mayor’s proposal."
https://www.qchron.com//editions/queenswide/anti-shsat-plan-dissed-at-cec-26/article_082ae0a2-53f3-5153-8bc0-271ca0a5acc7.html,Anti-SHSAT plan dissed at CEC 26,,2019-02-07T10:30:00-05:00,"Few, if any, issues in northeast Queens are more controversial than Mayor de Blasio’s plan to ax the Specialized High School Admissions Test.Per the city’s Independent Budget Office, de Blasio’s proposal will slash the number of seats at the specialized schools for Asian kids by about half. Had the proposal been in effect, the IBO found, only 31 percent of offers to the institutions for the 2017-18 school year would have gone to Asians. In reality, 61 percent of them did."
https://www.qchron.com//editions/queenswide/suit-to-halt-shsat-shift-in-its-tracks/article_b2c0b227-fe44-5148-a508-76497dc6ca8d.html,Suit to halt SHSAT shift in its tracks,,2018-12-20T10:30:00-05:00,"Phillip Wong moved to the U.S, from Hong Kong with his family in 1974. That was just about the time mainland China announced it intended take back the colony from Britain when its treaty expired in 1997The announcement set off a 20-year-long exodus from Hong Kong to New York and elsewhere that changed the size and nature of the Asian-American community here."
https://www.qchron.com//editions/queenswide/keep-the-shsat-and-build-more-elite-high-schools/article_3476f328-97f5-5cf7-bfb3-d02f245d7c56.html,Keep the SHSAT and build more elite high schools,,2018-08-09T10:30:00-04:00,"The bill to fix the lack of diversity in New York City’s specialized high schools has been put on hold. When it comes up in the next session, the Legislature should reject it. It is a horrible bill that seeks to remedy a socioeconomic problem — but at the expense of destroying an iconic institution that has long been considered the pride of New York City.The bill would abolish the Standardized High School Admissions Test and replace it with a new system that would admit students from among “the top 25 percent of eighth-graders citywide.” City officials say this new system is guaranteed to draw students from each of 600 middle schools and the new student body will closely reflect the ethnic breakdown of the general population."
https://www.qchron.com//editions/queenswide/pols-blast-blaz-s-plan-to-toss-the-shsat/article_478b5469-2263-590f-a057-43edd1bf5cd0.html,Pols blast Blaz’s plan to toss the SHSAT,,2018-06-14T10:30:00-04:00,"Many of the city’s Asian Americans aren’t liking the plan by Mayor de Blasio and Schools Chancellor Richard Carranza to throw away the Specialized High School admissions test.How well a student scores on the exam, and nothing else, determines whether he or she gets into one of the “elite eight” schools. De Blasio and Carranza would create a new admissions process meant to diversify the schools. Asian students got 51.7 percent of this year’s offers."
https://www.qchron.com//editions/queenswide/city-hall-wants-to-ax-elite-eight-s-shsat/article_e280ac35-ee61-53fe-931b-cd17a6d0f6a0.html,City Hall wants to ax elite eight’s SHSAT,,2018-06-07T10:30:00-04:00,"All students applying to the city’s “elite eight” specialized high schools take the same admissions exam.But if City Hall has its way, the test will be history."
https://www.qchron.com//editions/queenswide/nys-senators-want-better-shsat-prep/article_e1e6cb7e-5d00-5fb7-8ff4-43e6eed693bf.html,NYS senators want better SHSAT prep,,2018-05-03T10:30:00-04:00,"In an effort to increase diversity at the city’s specialized high schools, two state senators, both alumni of the institutions, have introduced legislation to better prepare students for the sole exam required for entry into the eight schools.A bill introduced by state Sen. Toby Ann Stavisky (D-Flushing), a Bronx High School of Science graduate, would require every city school district to screen students who may be eligible for gifted and talented programs."
https://www.qchron.com//editions/queenswide/what-can-de-blasio-do-about-the-shsat/article_6e912416-2c85-5a01-8c92-ce30c2ca43a5.html,What can de Blasio do about the SHSAT?,,2018-03-22T10:30:00-04:00,"Mayor de Blasio is seeking legal advice to see if he can change the admissions process for some of the city’s “elite eight” schools by classifying them as something other than “specialized,” in an effort to get more black and Hispanic students into them.“I want to have that power unquestionably and so far in the view of our Law Department it, sadly, is not as straightforward as that,” the mayor said in his weekly interview with radio host Brian Lehrer. “I will certainly go back and look again and talk to our lawyers again because I think this is a matter of injustice that has to be addressed.”"
https://www.qchron.com//editions/queenswide/new-anti-shsat-bill-is-proposed-upstate/article_ed73f67b-e60c-5a4f-af00-3aedf9fab8c0.html,New anti-SHSAT bill is proposed upstate,,2015-04-23T10:30:00-04:00,"State lawmakers again have proposed legislation that would base admission into the city’s eight specialized high schools on a number of factors, rather than just the Specialized High School Admissions Test — a plan that was lambasted by some educators, officials and alumni of the schools who say the test is the only way to judge which students get into the special programs.“The chances are fair for anyone to get in as long as they work hard and study,” Nick Comianni, president of Community Education Council 24, said. “They either work hard and make it in or they don’t. You can’t reward laziness.”"
https://www.qchron.com//editions/queenswide/cec-26-votes-against-city-s-anti-shsat-plan/article_2303bd13-e51f-5402-b83a-2b04f9ebc778.html,CEC 26 votes against city’s anti-SHSAT plan,,2018-07-12T10:30:00-04:00,"With a 7-1 vote, Community Education Council 26 passed a resolution last Thursday night against the de Blasio administration’s plan to kill the Specialized High School Admissions Test.“The CEC resolution is to call upon Gov. Cuomo and New York State legislators to vote against removing, limiting or changing admissions criteria, such as the specialized high school admissions test for admissions into specialized high schools in New York City,” council President Alan Ong said. “And to stop Mayor de Blasio and Chancellor Richard Carranza’s assault on standardized, objective admissions criteria for the specialized high schools.”"
https://www.qchron.com//editions/north/cec-26-votes-against-mayors-plan-to-kill-the-shsat/article_fdf7bbf2-8168-11e8-a565-d36e35983137.html,CEC 26 votes against mayor's plan to kill the SHSAT,,2018-07-06T18:07:00-04:00,"With a 7-1 vote, Community Education Council 26 passed a resolution Thursday night against the de Blasio administration’s plan to kill the Specialized High School Admissions Test."
https://www.qchron.com//editions/queenswide/grades-are-better-predictor-than-test/article_2ddb7678-7cd5-5e6f-adef-7f04c6693e1a.html,Grades are better predictor than test,,2019-06-27T10:30:00-04:00,"New data released last week by the Department of Education claims the controversial Specialized High School Admission Test does a poor job predicting how well students do in school.Middle-school grades and performance on the state math/ELA tests all students must take are a better indicator of future success, it said."
https://www.qchron.com//editions/queenswide/back-to-school-fall-guide-2019/article_50c3e0cc-b5a1-5ac3-980d-4fa14aebeebd.html,Back To School & Fall Guide 2019,,2019-08-29T10:30:00-04:00,Contents of the Queens Chronicle's 2019 Back To School & Fall Guide.BACK TO SCHOOL• City simplifies HS application process• Eva Moskowitz on Success Academy• Getting more school seats in Queens• The ongoing debate over the SHSAT
https://www.qchron.com//editions/queenswide/just-4-black-students-for-elite-queens-hs/article_64692a8b-a2ab-5542-8d6f-1eccb103febe.html,Just 4 black students for elite Queens HS,,2019-03-21T10:30:00-04:00,"Attempts to integrate the city’s elite high schools were dealt a serious setback last week when offers went out to only a handful of black students who’d applied.In Queens, out of 165 students admitted to the selective Queens High School for the Sciences at York College, only four were black, according to the city’s Department of Education."
https://www.qchron.com//opinion/letters_to_the_editor/,End the DOE delays,,2020-12-17T10:30:00-05:00,"Dear Editor:(An open letter to our elected officials)Over 10,000 NYC families have signed our petition in support of Gifted and Talented programs, screened admissions and the Specialized High School Admissions Test, posted at chng.it/L7fP7j24.Additionally, many of you have received thousands of personalized emails in your inbox, with parents sharing what these accelerated opportunities mean to them and their students. In a recent survey by PLACE NYC, Parent Leaders for Accelerated Curriculum and Education, 83 percent of parents are extremely concerned about the possibility of the Department of Education not giving the SHSAT this year.The kindergarten application opened this week and the DOE still has no information on G&T testing for over 30,000 families. With the haphazard application process and deadline of Jan. 19, elementary school parents are ill-informed of the public school programs available to their children. This is irresponsible and further widens the divide of access. We all know how crucial the early years of K-3 are to long-term academic success. The $34 billion DOE, with dedicated staff for testing and enrollment, continues to blame Covid for procrastinating on giving school admissions information to nearly 200,000 families. This is unacceptable.In the meantime, a cadre of anti-screen, anti-G&T, anti-SHSAT activists have been using the excuse of Covid to call for the end to all accelerated opportunities, which they have long opposed ideologically. You probably know them by name, as there are so few of them.Regardless of how you personally feel, as our elected officials, you represent NYC families. You are hearing directly from parents who overwhelmingly support these programs and are anxiously awaiting information to register for G&T and the SHSAT, and to apply to academically screened schools.Please use your voice and your elected power to speak up for your constituents. NYC families want to expand G&T, specialized high schools and academically rigorous programs, not eliminate them.Yiatin ChuCo-PresidentParent Leaders for Accelerated Curriculum and EducationManhattan"
https://www.qchron.com//opinion/letters_to_the_editor/,The real HS exam issue,,2014-11-13T10:30:00-05:00,"Dear Editor:I wanted to address a growing concern regarding discussions about the specialized high school admissions test and minority representation. Although I believe there are many arguments that can be made about keeping (or changing) the SHSAT, I feel as if many discussing this issue use percentages and numbers somewhat incorrectly.The most typical percentages reported are for students who take the exam and those who are accepted. Most coverage I have found focuses only on these two numbers, but I thought it would only be right to show you a third, the total number of students who could take the test.The media note that, of the 5,261 students accepted into the specialized high schools, 57 percent are Asian and 23 percent are white. But generally speaking, Asian students are far more likely to take the exam at all (62 percent of the Asian total). In contrast, only 27 percent of all black students take the exam, and only 18 percent of Hispanic students do. By sheer number of people, Asians are very clearly the majority. Asians are also most likely to get into a specialized high school (26 percent).Many people have focused on the latter problem (testing does not imply acceptance). However, there’s another serious issue: Many students are not taking the exam at all (no testing means no acceptance). Indeed, the issue may not really be the SHSAT. Perhaps the greater issue is that 75 percent of black and Hispanic students don’t take the test to begin with.Bluntly stated, if a student does not take the SHSAT, there is no chance of acceptance. This creates a barrier of entry for black and Hispanic students, or those of any ethnicity, who do not know about the exam. These may be students who do not have the opportunity or means to take prep exams, even if they wanted to, but might also include bright students who were not informed of the exam.Regardless, a large portion of middle school students do not even take the test. In my opinion, that is a more serious problem regarding NYC middle schools and our ability to prepare their students for the future. After all, how are we supposed to encourage students to succeed on the exam, or in any application process, if they are not even given access to try?Josephine LukitoForest Hills"
https://www.qchron.com//editions/queenswide/decades-long-test-argument-goes-on/article_20ef3617-1757-5e01-847f-bdae9150208e.html,Decades-long test argument goes on,,2018-10-18T10:30:00-04:00,"Mayor de Blasio has made no secret of his intentions to do away with the Specialized High Schools Admissions Test, the single admission exam for eight selective high schools.Schools Chancellor Richard Carranza recently said the Education Department could “probably” change the requirements for admission for five of the schools."
https://www.qchron.com//editions/south/top-scores-and-big-smiles/article_ccb4534d-280a-5226-80ca-78fef3d6effc.html,Top scores and big smiles,,2025-06-05T10:30:00-04:00,"Students of MS 137, America’s School of Heroes, in Ozone Park on May 28 celebrated a major academic milestone — earning spots at some of the city’s specialized high schools.Admission to the rigorous institutions is only granted to students who take the Specialized High School Admissions Test, a standardized exam. It is the only criteria used for admission to the schools."
https://www.qchron.com//editions/queenswide/city-aims-for-more-diverse-elite-eight/article_5f943bdf-43a7-528b-b818-eaf5ea91b495.html,City aims for more diverse ‘elite eight’,,2016-08-25T10:30:00-04:00,"As the 2016-17 school year approaches, whether the Specialized High School Admissions Test —the exam for entry into the city’s elite eight high schools — should be the only admissions criteria remains one of the most controversial issues with New York City public schools.Asians and whites score higher on the tests than other ethnic groups, especially Latinos and blacks, and are demographically overrepresented in the “elite eight” —Queens High School for the Sciences, Stuyvesant, Bronx Science, the High School for Math, Brooklyn Tech, Science and Engineering at City College, the High School for American Studies at Lehman College and Staten Island Tech —as are kids from Queens."
https://www.qchron.com//editions/queenswide/richards-discusses-education-priorities/article_94e510f1-4ef4-5ac4-b1bd-e6253e566e2e.html,Richards discusses education priorities,,2020-10-01T10:30:00-04:00,"Education advocates hosted a town hall with Councilman and Democratic nominee for borough president Donovan Richards (D-Laurelton) last Thursday evening.The forum, hosted by several different groups like Queens Parents United and PLACE NYC that are organized respectively around resistance to diversity plans and the elimination of the SHSAT, seemed like it might be hostile territory for the candidate. Richards staked out a hardline progressive education platform during the primary, which differed from the groups’ views in both areas."
https://www.qchron.com//editions/queenswide/high-school-admissions-prep/article_62801f7f-e689-550b-be55-3c6eb6010d36.html,High School admissions prep,,2017-08-24T10:30:00-04:00,"With high school choice in place for all New York City students, the 13-year-olds in this fall’s eighth-grade class need to get about the business of choosing which high school they will register at next year, right?Wrong! In the city public school system, “High school choice” means that schools choose the students they want to admit, while students begin as early as the fifth grade to prepare to compete for the schools they would like to attend. Every student is guaranteed a spot in some public high school, somewhere, but all students who wish to attend a public high school must apply, even to their zoned school."
https://www.qchron.com//editions/central/new-president-for-cec-24/article_799ab022-27ed-50b8-8f75-0a2222126824.html,New president for CEC 24,,2022-03-17T10:30:00-04:00,"After City Education Council 24 voted to remove its president, Ferdielynn Lee, ahead of her term set to end in June, it held a special election on Tuesday for a new president, voting in Michael Conigliaro 8-1. The no vote came from Lee.Conigliaro said he plans to “hit the reset button and do what we were elected to do.”"
https://www.qchron.com//editions/queenswide/liu-to-chair-senate-s-nyc-education-body/article_da4fd563-5142-5b83-8d18-210605a4414b.html,Liu to chair Senate’s NYC education body,,2018-12-20T10:30:00-05:00,"John Liu will be a freshman state senator next year. But that doesn’t mean the Democrat won’t wield influence over important issues.With his party having taken the state Senate in the midterms, he was named the new chairman of the Subcommittee on New York City Education."
https://www.qchron.com//opinion/editorial/,Defeat de Blasio’s plot against the ‘elite eight’,,2018-06-07T10:30:00-04:00,"Mayor de Blasio’s plan to lower admissions standards to the city’s “elite eight” specialized high schools would certainly diversify their student bodies. It also would ruin the schools.The goal, of course, is noble: to make the schools better reflect the city’s population. The numbers are striking: Of those offered admission to the schools in 2018, 51.7 percent were Asian, 26.5 percent were white, 8.3 percent were “unknown,” 6.3 percent were Latino, 4.1 percent were black and 0.6 percent were Native American. Those figures do not at all reflect the city’s demographic breakdown. White children are underrepresented, blacks and Latinos extremely underrepresented and Asians wildly overrepresented."
https://www.qchron.com//editions/eastern/dreamchasers-next-session-starts-feb/article_3c878456-43b4-535e-ba6d-8274260d5b02.html,DreamChasers next session starts Feb.,,2022-01-13T10:30:00-05:00,"DreamChasers, a free SHSAT prep program going into its fifth year, has a Feb. 5 application deadline. The afterschool program helps underrepresented and low-income middle school students get into top high schools.In addition to tutoring in mathematics and aiding with reading comprehension, the program pairs students up with mentors, according to Jason Clark, co-founder of DreamChasers. That portion of the program was not fully utilized because of Covid-19 last year, but he hopes to bring it back."
https://www.qchron.com//opinion/letters_to_the_editor/,Wrong on HS test,,2014-10-30T10:30:00-04:00,"Dear Editor:I am prompted to write on your Oct. 23 editorial, “Maintain elite HS admissions rules as they are,” pertaining to the debate hosted by your paper on the Specialized High School Admissions Test for students. You are absolutely correct when you say the city must improve education in the lower grades, and make it easier to get rid of incompetent teachers.That being said, your reference to these specialized high schools as “elite” is all wrong. These schools are public, and the public has the right to ask for changes in the admissions policy. I don’t get the impression that the public is asking to have the admissions test abandoned.Are you, or any of your staff, public school teachers? I wonder what gives you the right to declare that these schools would be weakened, and the students put in danger of being forced into lower-quality schools. Just because the SHSAT has traditionally been the sole admissions criterion for decades, are you suggesting that traditions should never change?African slavery was a tradition in this country not only for decades, but for centuries. It was also unlawful to teach a slave to read. Slavery and its attendant inequities persist even today, 150 years after the Civil War era.This is a new time, and a new generation. For specialized high school admissions, we should be focused on new and different criteria.Millicent C. O’MeallyFlushing"
https://www.qchron.com//editions/north/crowd-the-elite-hs-exam-must-stay/article_deb11511-9c0c-5c57-9fe1-a495e4b755d1.html,Crowd: The elite HS exam must stay,,2018-06-28T10:30:00-04:00,"Gathered on the sidewalk in front of MS 74 in Oakland Gardens last Thursday night, a largely Asian and white group of protesters made their call clear.“Fix our schools! Fix our schools! Fix our schools!”"
https://www.qchron.com//editions/queenswide/prospective-vendors-on-controversial-test/article_62b62218-4b1a-5b93-8b41-d794a6ac8338.html,Prospective vendors on controversial test,,2014-10-02T10:30:00-04:00,"Whether a high score on the SHSAT — Specialized High School Admissions Test — ought to remain the single gateway to eight of the city’s elite high schools has become a hotly daebated issue.Two bills being debated in Albany would require multiple criteria — including middle school attendance records, grade point averages and state test scores — play a role in admissions decisions."
https://www.qchron.com//editions/queenswide/,High school admissions test controversy grabs feds attention,,2012-11-15T10:30:00-05:00,"The civil rights division of the U.S. Department of Education has decided to investigate claims that the city’s policies concerning admissions at its eight “specialized” high schools violate the civil rights of prospective Black and Hispanic students.The eight high schools — Bronx High School of Science; Brooklyn Latin School; Brooklyn Technical High School; Fiorello H. LaGuardia High School of Music & Art and Performing Arts; High School for Math, Science and Engineering at City College; High School of American Studies at Lehman College; Queens High School for the Sciences at York College and Stuyvesant High School — all require prospective students pass a 2.5 hour-long Specialized High School Admissions Test, called the SHSAT."
https://www.qchron.com//editions/queenswide/hot-hs-admissions-debate-set-for-sat/article_8e2c4178-9c4a-5e23-af79-e900d9b2cd2e.html,Hot HS admissions debate set for Sat.,,2014-10-16T10:30:00-04:00,"Testing, testing, one, two, three ...That’s what students do when they want to get into one of the city’s eight elite high schools — Stuyvesant, Bronx Science and the like, including, in this borough, Queens High School for the Sciences at York College."
https://www.qchron.com//editions/south/a-boost-for-bright-minds/article_c2d8170c-8309-5963-bdeb-17018e0a0192.html,A boost for bright minds,,2024-10-31T10:30:00-04:00,"State Sen. Joe Addabbo Jr. recently allocated $5,000 in state grant funding to the eighth grade students of MS 137 America’s School of Heroes in Ozone Park for their specialized high school admissions test afterschool preparation program.To show appreciation for the funding, students invited Addabbo to visit the school on Monday, where he met students from the eighth-grade honors virtual enterprise class and received thank-you notes."
https://www.qchron.com//opinion/columns/asian-students-under-attack-again-by-doe/article_9f6e0769-688a-543a-a249-8eacadd47c43.html,"Asian students under attack, again, by DOE",,2022-11-17T10:30:00-05:00,"On Nov. 4, a working group appointed by the city Department of Education released its recommendations for revising the formula for funding NYC’s public schools. This funding formula known as “Fair Student Funding” accounts for about 65 percent of what school principals receive to cover teacher salaries and other expenses. The formula is designed so that a high-needs student (e.g., low state test score, English language learner or student with disability, etc.) would bring more funding to a school as he or she typically requires more resources for support.Education “equity” advocates made the case to Chancellor David Banks that this funding formula needed to be adjusted to reflect contemporary priorities and refused to pass the DOE budget until assurances were made by Banks that it would be reformed. In good faith, Banks had the DOE assemble a working group to hear out their concerns. Sounds reasonable, right?"
https://www.qchron.com//editions/queenswide/hs-students-look-forward-to-tutoring/article_1171e429-7828-578e-9399-ea8df8359c11.html,HS students look forward to tutoring,,2021-07-15T10:30:00-04:00,"Scholar Studio, a free virtual tutoring program started by high school students, will return for its second year in August with middle-school math, history and computer science classes and Specialized High School Admissions Test prep.“The summer was rolling around [last year] and a lot of our classmates and students from other places were going to attend prep classes, but with parents losing jobs and the pandemic going, it was not affordable or safe to go outside, so we thought we would expand what we do in our old middle school to the entire country,” said Xiaoshen Ma, a rising senior at Stuyvesant High School from Forest Hills."
https://www.qchron.com//editions/queenswide/tensions-build-over-academic-screening/article_a7a1aac7-3012-537f-b828-259cbf44c63f.html,Tensions build over academic screening,,2020-10-29T10:30:00-04:00,Dueling groups who have been anxiously waiting for months to learn about how competitive school admissions will change this year took to the steps of City Hall last Friday to lobby the city Department of Education on what will happen to the admissions process over the next year.Tensions flared as the two advocacy groups held competing rallies over the city DOE’s impending decision about whether to change the rules for specialized high schools and gifted and talented program admissions.
https://www.qchron.com//opinion/editorial/,The resignation letter schools chief Carranza should write,,2020-01-23T10:30:00-05:00,"Rather than continuing to sow racial divisions, to walk out on aggrieved parents, to wink and nod at grade-fixing, to alienate elected officials and to allow little girls to get pummeled in the middle school cafeteria, New York City Schools Chancellor Richard Carranza should resign. He’s welcome to do so by copying and pasting the following onto his letterhead and having it delivered.Dear Mayor de Blasio (Bill),"
https://www.qchron.com//editions/north/david-bressler-wants-to-improve-albany/article_d06a4043-cf8f-5b9d-aedd-6be6d309a573.html,David Bressler wants to improve Albany,,2018-10-11T10:30:00-04:00,"David Bressler is no stranger to working on budgets.The Republican challenging Assemblyman Ed Braunstein (D-Bayside), he recently retired from his job as regional manager for a conglomerate that owns Entenmann’s and other baking companies."
https://www.qchron.com//editions/queenswide/change-elite-eight-criteria-mayor-says/article_857f07b3-daf8-518a-9b89-cc6cc5d8935b.html,"Change elite eight criteria, mayor says",,2016-09-15T10:30:00-04:00,"Mayor de Blasio’s call last week for changes to the entry criteria for the city’s elite eight high schools, in an effort to bolster diversity, was met with criticism by defenders of the admissions process, who backed City Hall’s outreach to minority students.“I’m shocked to hear that he’s now going in the wrong direction again but it doesn’t surprise me,” said state Sen. Tony Avella (D-Bayside), a member of the Education Committee. “I don’t think this guy knows what he’s doing.”"
https://www.qchron.com//opinion/editorial/,Maintain elite HS admissions rules as they are,,2014-10-23T10:30:00-04:00,"Some of the city’s best high schools are in danger of being weakened, and some of the city’s best students are in danger of being forced into lower-quality schools — all because of ongoing efforts to level the educational playing field that actually would do no such thing.At issue are admissions to eight of the city’s nine specialized high schools — the ones that are not performance-focused and do not grant entrance based upon an audition. We’re talking the best of the best here: Bronx Science, Stuyvesant, Brooklyn Tech, Staten Island Tech, Queens High School for the Sciences, the High School for Math, Science and Engineering at City College and the High School of American Studies at Lehman College."
https://www.qchron.com//editions/queenswide/crowd-defends-elite-hs-admissions/article_7a548e46-532e-5e59-bf17-267c41c76192.html,Crowd defends elite HS admissions,,2014-06-26T10:30:00-04:00,"Many brought heated words and emotions to a public meeting condemning proposed changes to the specialized high school admissions policy at the Flushing Library on Sunday. They support the existing system, under which a student’s score on a single multiple choice test determines his or her ranking and acceptance into one of the eight elite schools.Two bills, at least one motivated by the desire to address the racial disparity between the students at these schools and the city’s overall population by changing the admissions criteria, were introduced in the state legislative session that just ended. Neither passed, but they could be brought up again in the next session."
https://www.qchron.com//editions/queenswide/specialized-hs-tests-debated-in-flushing/article_783d7fa7-ec09-5cbc-911e-e020a1731b31.html,Specialized HS tests debated in Flushing,,2014-10-23T10:30:00-04:00,"For many prospective New York City high school students, getting into one of the specialized schools is like winning the lottery, except with years of preparation.To get into Bronx High School of Science, Stuyvesant, Brooklyn Tech, Staten Island Tech, Queens High School for the Sciences, Brooklyn Latin School, High School for Math, Science and Engineering at City College or High School of American Studies at Lehman College, there is just one door — a test: three hours of 45 multiple- choice verbal questions, 50 multiple-choice mathematics problems, using a formula the city Department of Education keeps under heavy wraps."
https://www.qchron.com//editions/queenswide/holden-wants-another-term/article_db498230-de6f-5ce1-8b19-6a9ea15b24b6.html,Holden wants another term,,2020-12-17T10:30:00-05:00,"Councilman Bob Holden (D-Middle Village) announced Tuesday that he will run for re-election.“Our city has lost its way, as many of our elected officials have abandoned the policies that kept our streets safe for decades,” he said in a video announcement. “City Hall has tried to govern with protest slogans instead of common sense. I have been one of the few voices in the Council to stand up to the de Blasio agenda.”"
https://www.qchron.com//editions/central/progress-from-the-outside-in-wong/article_7417ceaf-f5f3-544e-8d16-94b0afe8a58f.html,Progress from the outside in: Wong,,2025-05-29T10:30:00-04:00,"Phil Wong hopes to see more specialized high schools in Queens.According to Wong, the city should encourage and prepare all students to take the Specialized High School Admissions Test. Citing the single such school in Queens and the volume of students falling behind, he said there are few children who are well-equipped to do so."
https://www.qchron.com//opinion/columns/op-ed-authors-wrong-on-school-facts-and-focus/article_a71dfa01-afa4-5847-b1c6-dcf9e9983755.html,Op-ed authors wrong on school $ facts and focus,,2022-11-23T10:30:00-05:00,"An opinion piece published in the Queens Chronicle Nov. 17, entitled “Asian students under attack, again by DOE” and authored by two self-described “public school parents and co-founders of the Asian Wave Alliance, who reside in Whitestone and Forest Hills, respectively,” requires more correction than space permits, but allow me to address its most egregious misstatements.The writers claim that more than 300 Department of Education high schools receive additional monies under what’s known as “portfolio funding,” including 25 specialized audition schools. In reality, there are 116 portfolio schools: 46 career and technical education; 13 specialized academic; six specialized audition; and 51 transfer schools."
https://www.qchron.com//opinion/columns/asian-parents-defend-merit-and-challenge-discrimination-across-the-country/article_cbeede2a-a09e-11ec-86cb-47a82ac30821.html,Asian Parents Defend Merit and Challenge Discrimination Across the Country,,2022-03-10T10:30:00-05:00,"We are NYC Asian parents turned activists to push back against laws and admissions rules designed to dismantle merit and discriminate against our children. We fight for merit and fairness in admissions, and we are not alone.San Francisco Asian parents celebrated when three school board members were recalled in a landslide. They were provoked by the Board’s efforts to reduce the number of Asian students at the high-ranking Lowell School by changing admissions criteria from merit based to lottery and further incited by racist, derogatory remarks towards Asians by one a board member."
https://www.qchron.com//editions/queenswide/cojo-wants-more-elite-high-schools-in-nyc/article_aa5ad904-1d06-5c97-946f-fdc45c56269b.html,CoJo wants more elite high schools in NYC,,2019-02-07T10:30:00-05:00,"More specialized high schools should be built, according to City Council Speaker and Acting Public Advocate Corey Johnson (D-Manhattan).The lawmaker said so last Thursday at a roundtable with Korean community leaders and Councilman Paul Vallone (D-Bayside) at Korean Community Services’ headquarters in Bayside."
https://www.qchron.com//editions/central/corey-johnson-wants-more-specialized-high-schools-built/article_8661c81c-28c5-11e9-82b4-5b2ffc7e414b.html,Corey Johnson wants more specialized high schools built,,2019-02-04T16:40:00-05:00,"More specialized high schools should be built, according to City Council Speaker and Acting Public Advocate Corey Johnson (D-Manhattan).The lawmaker said so last Thursday at a roundtable with Korean community leaders and Councilman Paul Vallone (D-Bayside) at Korean Community Services’ headquarters in Bayside."
https://www.qchron.com//editions/eastern/liu-talks-primary-rematch-with-avella/article_2c9ed874-36f8-59bf-9d98-d4455109093b.html,Liu talks primary rematch with Avella,,2018-08-16T10:30:00-04:00,"In terms of stated policy positions, former city comptroller and councilman John Liu admits that he and his election foe, state Sen. Tony Avella (D-Bayside), are not exactly opposites.“On most of the issues, he and I do not differ,” Liu said in a sitdown interview with the Chronicle last Friday. “He’s pro-choice, like I am. He says he’s pro-immigrant, like I am. Pro-worker, pro-union, like I am.”"
https://www.qchron.com//editions/north/paladino-vows-to-fight-dems-in-albany/article_eb0c0c35-7c73-5466-bc5f-64d538d41fcd.html,Paladino vows to fight Dems in Albany,,2018-07-26T10:30:00-04:00,"Vickie Paladino might be known best for heckling Mayor de Blasio in Whitestone last July because he went to protest in Germany a day after the slaying of an NYPD officer. The scene was captured in a viral video and was widely covered in the media.But for years before the confrontation, the lifelong Whitestone resident, who’s running against Douglaston resident Simon Minching in a Republican primary race for state Sen. Tony Avella (D-Bayside), has been unapologetically vocal with her right-wing views."
https://www.qchron.com//editions/queenswide/chiu-paek-vying-for-ad-25-gop-nod/article_8a144f8e-e3d0-5c44-9b03-0432b87e926a.html,"Chiu, Paek vying for AD 25 GOP nod",,2024-06-20T09:30:00-04:00,"Republicans Kenneth Paek and Kenneth Chiu are squaring off in the Assembly District 25 primary on Tuesday, the borough’s only GOP contest this cycle.The winner will go up against incumbent Assemblymember Nily Rozic (D-Fresh Meadows), who does not have a primary challenger."
https://www.qchron.com//opinion/editorial/,We need a new direction for schools,,2021-12-02T10:30:00-05:00,"They say that personnel is policy when it comes to a new chief executive assembling his team. Incoming Mayor Eric Adams has a chance to break with the policies of his predecessor across the board, and we hope he will do so in a major way in key areas including crime-fighting, business regulation, transportation and, at least as vital as any of those, education. Wednesday’s announcement that Schools Chancellor Meisha Porter will be stepping down at the end of the year, as inevitable as it was, highlights Adams’ opportunity to reverse the most damaging approaches Mayor de Blasio took toward education while building on the positive ones.The main thing that has to be done is to end the war on excellence. In fact, just about everything stems from that. De Blasio, determined to bring more equity to education, particularly along racial lines, did what he could to equalize student outcomes. But other than pre-K and 3-K, he pursued that theoretically noble goal not by trying to improve the education of the most challenged students but by trying to reduce the opportunities available to the most successful ones. And his schools chiefs put those plans into practice."
https://www.qchron.com//editions/queenswide/lawsuit-targets-nyc-school-segregation/article_0c262388-eeea-5687-b5a9-74ba8bf1a114.html,Lawsuit targets NYC school segregation,,2021-03-18T10:30:00-04:00,"A group of NYC student advocates and civil right lawyers filed a lawsuit last week charging that the city and state have violated the state constitution’s guarantee of a “sound basic education” to all New York schoolchildren by maintaining a racially segregated school system.The lawsuit, filed in State Supreme Court March 9 by IntegrateNYC, a youth advocacy group organized to fight school segregation, names Mayor de Blasio, Gov. Cuomo, and newly appointed Schools Chancellor Meisha Porter as defendants."
https://www.qchron.com//editions/queenswide/middle-school-screens-eliminated/article_dec43d10-0e39-57f2-b082-6ed4071731cd.html,Middle school screens eliminated,,2020-12-24T06:00:00-05:00,"Mayor de Blasio and Schools Chancellor Richard Carranza announced sweeping changes to the middle and high school admissions process last Friday, a decision they said goes beyond the racial impacts of the current health crisis to try to address longstanding inequities in the way schools are funded.De Blasio announced that starting now, middle schools will implement a one-year pause on admissions screens. The Department of Education will also roll out several changes to the high schools admissions process over the next two years."
https://www.qchron.com//editions/queenswide/de-blasio-announces-elimination-of-middle-school-screens/article_cf404746-417a-11eb-84df-27e1b1a097ed.html,De Blasio announces elimination of middle school screens,,2020-12-18T16:48:00-05:00,"Mayor de Blasio and Schools Chancellor Richard Carranza announced sweeping changes to the middle and high school admissions process Friday, a …"
https://www.qchron.com//editions/central/protester-says-he-was-hit-by-doe-car/article_3df5ce29-03d6-5c83-b3bc-0161925a8268.html,Protester says he was hit by DOE car,,2019-08-15T10:30:00-04:00,"Charles Vavruska, education director for Councilman Bob Holden (D-Middle Village), says he was hit by a car while protesting against Schools Chancellor Richard Carranza’s opposition to the Specialized High School Admissions Test in Bay Ridge on August 6.“Carranza’s going to have to drive a tank if he wants to hurt me,” Vavruska, who was protesting as a citizen, not representing Holden’s office, told the Chronicle last Friday."
https://www.qchron.com//editions/queenswide/protester-claims-hit-by-carranzas-doe-car-pressing-charges/article_43ebdec4-bae1-11e9-871b-af382d760052.html,"Protester claims hit by Carranza's DOE car, pressing charges",,2019-08-09T16:07:00-04:00,"Charles Vavruska, education director for Councilman Bob Holden (D-Middle Village), says he was hit by a car while protesting against Schools Chancellor Richard Carranza’s opposition to the Specialized High School Admissions Test in Bay Ridge on Tuesday.“Carranza’s going to have to drive a tank if he wants to hurt me,” Vavruska told the Chronicle on Friday."
https://www.qchron.com//opinion/editorial/,Carranza’s racial approach is wrong for schools,,2019-06-13T10:30:00-04:00,"The mission of the New York City schools chancellor is to provide the best education possible to the more than 1.1 million students the public school system serves. He or she is to do that without regard to race, religion, sex or sexual orientation. The chancellor should do the best he or she can to ensure that, regardless of where they come from and what they look like, all students have equal access to high-quality curricula, that they have an equal chance to be taught by the best teachers in the system, that they get the amount of physical education time mandated by the state, that they have the opportunity to apply for gifted and talented programs, that they be safe in school and that their parents have the opportunity to be involved in and oversee their education. No doubt there are more responsibilities than these that deserve listing, but we think these are the key points.Yet current Schools Chancellor Richard Carranza does not. He believes his prime objective is to force a utopian ethnic equity in the schools — not by raising all students to a higher level, but by raising some at the expense of others, while peddling racial demagoguery, spreading falsehoods about the school system and harming people’s careers."
https://www.qchron.com//editions/queenswide/guv-hopeful-molinaro-campaigns-in-maspeth/article_27f7807b-12b2-5a77-9627-143b02d688a0.html,Guv hopeful Molinaro campaigns in Maspeth,,2018-08-16T10:30:00-04:00,"Republican gubernatorial candidate Marc Molinaro said in Maspeth last Friday that Democratic voters don’t need to take his word on the corruption in Albany and Gov. Cuomo’s inability to fix the MTA — they just have to listen to members of their own party.“He’s getting challenged from the left, too,” Molinaro said. “Just listen to Cynthia Nixon, she’s saying the same things.”"
https://www.qchron.com//editions/queenswide/cuny-schools-will-not-listen-to-trump/article_a3044990-a92d-5ce2-b198-52409690cd13.html,CUNY schools will not listen to Trump,,2018-07-12T10:30:00-04:00,"In another case of politicians openly defying the president, Gov. Cuomo sent a letter last Thursday to the city and state universities of New York urging them to continue to use race and ethnicity as a part of their admissions processes.Trump announced on July 3 that he would be rescinding a set of policies set forth by the Obama administration that promoted using race as a factor in college admissions to expand the overall diversity of higher education institutions."
https://www.qchron.com//editions/queenswide/sullivan-announces-his-run-for-senate/article_5122ee3f-de8b-547a-969d-38e1e25821bb.html,Sullivan announces his run for Senate,,2018-07-12T10:30:00-04:00,"Tom Sullivan formally announced his candidacy for state senator in the 15th Senatorial District on Monday in Glendale.Sullivan will be challenging five-term incumbent Joe Addabbo Jr. (D-Howard Beach), who won his last election in 2016 by 27 percent over Michael Conigliaro."
https://www.qchron.com//editions/queenswide/suny-cuny-schools-will-not-listen-to-trump/article_dcd14ebc-83b5-11e8-9ca5-a38fecc2d594.html,"SUNY, CUNY schools will not listen to Trump",,2018-07-09T16:22:00-04:00,"In another case of politicians openly defying the president, Gov. Cuomo sent a letter last Thursday to the city and state universities of New …"
https://www.qchron.com//editions/central/the-stories-that-shaped-ne-queens/article_fe4a289e-0924-11e9-bcd1-8715cace8faf.html,The stories that shaped NE Queens,,2018-12-27T10:30:00-05:00,"Unlike many other parts of the borough, northeast Queens might be short on crime and skyscrapers. But one thing it never lacks is major news stories."
https://www.qchron.com//editions/queenswide/prepare-now-for-the-next-school-year/article_feb230f1-20de-58c9-ae79-f782a31d8199.html,Prepare now for the next school year,,2016-09-01T10:30:00-04:00,"The 2016 school year is ready to get going, which can mean only one thing in New York City.It’s time to get to work on 2017’s first day of school."
https://www.qchron.com//editions/queenswide/admissions-a-top-parent-focus-study/article_8324b18a-d28b-5e02-b170-ae78c2528bfa.html,Admissions a top parent focus: study,,2023-04-27T10:30:00-04:00,"Middle school screens remain a top concern for many New York City parents despite shifts to tighten the top tier of students admitted into schools, according to a recent survey.A whopping 84 percent — over 400 parents — said they do not support the reduction of middle school screened programs in the survey conducted by the advocacy group Parent Leaders for Accelerated Curriculum and Education NYC, which garnered over 500 responses."
https://www.qchron.com//editions/queenswide/charters-chug-on-in-changing-times/article_9a49574e-9d2e-50c6-b507-0438c8e2d3a0.html,Charters chug on in changing times,,2023-02-16T10:30:00-05:00,"Mitchell Flax, founder and head of Valence College Preparatory Charter School in Rego Park, gets to shake the hands of every fifth- and sixth-grader entering each morning.That is the beauty of a school with around 440 students in fifth through eighth grade."
https://www.qchron.com//editions/queenswide/school-admissions-policy-is-reformed/article_d27b4304-25f6-5f64-b71d-568b3ecebba6.html,School admissions policy is reformed,,2022-10-06T10:30:00-04:00,"A highly anticipated New York City high school admissions update came last week as Department of Education officials announced a policy change that greater emphasizes top performing students within a lottery system.Under the new system, eighth-graders in the top 15 percent of their schools or citywide with an average GPA of 90 or above will be given first access to screened schools."
https://www.qchron.com//editions/queenswide/adams-i-am-the-queens-candidate/article_29b4c769-1de8-5517-b2a8-799da404cb90.html,Adams: ‘I am the Queens candidate’,,2021-05-06T10:30:00-04:00,"As a battle over Queens votes amps up between mayoral hopefuls Eric Adams and Ray McGuire, Adams has declared himself “the Queens candidate.”Shortly after a March McGuire endorsement by U.S. Rep. Greg Meeks (D-Queens), the chairman of the Queens Democratic Party and congressman for the predominantly Black, highly engaged Southeast Queens electorate, Adams began rolling out his own Queens strategy."
https://www.qchron.com//editions/queenswide/seven-candidates-vying-to-catch-22/article_d7eec88f-6d0a-5aee-aa93-11edb88380e2.html,Seven candidates vying to catch 22,,2021-02-11T10:30:00-05:00,"With Covid-19 still a crisis and a $5 billion hole in the budget for a few years to come, there still is no dearth of candidates looking to replace Costa Constantinides (D-Astoria) on the City Council.Seven have filed paperwork with the Campaign Finance Board. The district covers Astoria, East Elmhurst, part of Long Island City, Rikers Island and part of Woodside. Constantinides is term-limited and cannot seek re-election."
https://www.qchron.com//opinion/columns/preserve-and-expand-nyc-s-successful-g-t-programs/article_fb58e34c-5227-5070-9101-c3fa2d8819f9.html,Preserve and expand NYC’s successful G&T programs,,2020-08-27T10:30:00-04:00,"One year ago the mayor’s School Diversity Advisory Group (SDAG) proposed to “[d]iscontinue the use of the Gifted & Talented admissions test” and “[i]nstitute a moratorium on new Gifted & Talented programs ...” in a misguided and ill-conceived plan to achieve the laudable goal of increased racial diversity in NYC public schools. The backlash from public school parents and Queens elected officials was immediate. SDAG’s chairperson, Maya Wiley (yes, the one rumored to run for mayor) ,tried to explain away the plain meaning of the words in the report and suggested they were not calling to end G&T. In other words, 2+2 does not always equal 4. Mayor de Blasio and his embattled school chancellor said they needed time to review. A year later, the families that depend on and seek out G&T programs for accelerated and challenging education have no certainty about the future of the program.Decades of research and documented outcomes have demonstrated the benefits of supporting all students across the learning spectrum from those with learning disabilities to those who need acceleration. High-ability students are also students with unique needs who require support to reach their full potential."
https://www.qchron.com//editions/queenswide/four-so-far-in-race-for-city-council-seat/article_00df4255-b85f-519d-9de8-dfd296f46aeb.html,Four (so far) in race for City Council seat,,2020-07-16T10:30:00-04:00,"Councilwoman Karen Koslowitz (D-Forest Hills) will be term-limited out of office at the end of 2021 and Democratic candidates are lining up to fill the void.Evan Boccardi, an engineer, is running after frustration with quality-of-life issues on his block, including garbage building up and a man publicly urinating in front of Boccardi’s wife."
https://www.qchron.com//editions/queenswide/bp-hopefuls-square-off-in-st-albans-tilt/article_ccbbdfb5-6c74-5d09-8378-255a22c43e84.html,BP hopefuls square off in St. Albans tilt,,2020-01-30T10:30:00-05:00,"The six candidates for Queens borough president gathered in St. Albans last Saturday morning with eight Tuesdays to go before the special election on March 24.The function was a debate hosted by the Southeast Queens Leadership Coalition, a group of more than a dozen civic and religious organizations. The moderator was NY1 news anchor Cheryl Wills."
https://www.qchron.com//editions/queenswide/de-blasio-issue-no-1-in-ulrich-campaign/article_04da95e2-fd53-5a0f-ae31-2f53d5990909.html,De Blasio issue No.1 in Ulrich campaign,,2019-01-17T10:30:00-05:00,"The field of candidates running for public advocate next month is starting to resemble the start of the New York City marathon. So Eric Ulrich, the three-term Council member from Ozone Park, has found a simple message to stand out.“If people love Mayor de Blasio, if they think he’s doing a great job and think the city is headed in the right direction, then they have 20 other candidates to pick from,” he said in an interview this week with the Queens Chronicle."
https://www.qchron.com//editions/north/candidates-stump-at-bayside-hills-civic/article_23763e1e-578b-5c84-b76d-bee67a3beeef.html,Candidates stump at Bayside Hills civic,,2018-11-01T10:30:00-04:00,"Around 70 people sat in the Colonial Church of Bayside’s auditorium on Tuesday night to hear state Senate and Assembly hopefuls talk about their positions on policy issues.They were there for a Bayside Hills Civic Association tradition, its candidates night event. Hopefuls were given time to make their cases to the crowd and they took questions read by the civic group’s president, Michael Feiner."
https://www.qchron.com//editions/queenswide/doe-boss-kids-not-sum-total-of-a-test/article_3ee32b3e-c940-5ea3-899d-21c6b09fd746.html,DOE boss: Kids not ‘sum total’ of a test,,2018-05-24T10:30:00-04:00,"City Schools Chancellor Richard Carranza doesn’t think children are “the sum total of a single test.”Hours after saying during a City Council hearing that more factors than a single exam alone should dictate whether kids get into the city’s eight specialized high schools, Carranza also briefly discussed the issue at a town hall at PS 107 in Flushing on Tuesday night."
https://www.qchron.com//editions/queenswide/is-one-test-the-best-hs-admissions-standard/article_04e8bce6-68a1-5fa2-abe9-76751cc1abe3.html,Is one test the best HS admissions standard?,,2014-08-26T10:30:00-04:00,"Bills to change the admissions criteria for the specialized high schools were defeated in the last state legislative session and won’t come up again until January when the next one starts. But that hasn’t stopped advocates on both sides of the issue from pushing their agendas, especially since election season is approaching.The issue is especially hot in Queens, which sends more students (1,119) than any other borough to these high schools — Bronx Science, Stuyvesant, Brooklyn Tech, the High School of American Studies at Lehman College, Queens High School for the Sciences at York College, Brooklyn Latin School, the High School for Math, Science and Engineering at City College and Staten Island Tech — which currently require that admission is based on a single entrance exam, as mandated by the Hecht-Calandra Act of 1971. Fiorello H. LaGuardia High School for the Arts is the only specialized high school that does not require that students take the Specialized High School Admissions Test, but rather admits them through auditions."
https://www.qchron.com//editions/central/from-jan-to-june-this-was-the-news/article_0119d258-0926-11e9-9c74-c31b5aad73d6.html,"From Jan. to June, this was the news",,2018-12-27T10:30:00-05:00,"A new plan to redevelop Willets Point. Residents blasting the state for its handling of the Whitestone brownfield cleanup. John Bowne High School’s controversial principal getting the boot. A judge staying a Flushing dad’s deportation order.Northern Queens was never short of news in the first half of 2018. Here’s a look at the most important Chronicle stories about issues in Flushing, College Point, Auburndale, Whitestone and Kew Gardens Hills."
https://www.qchron.com//editions/south/navigating-highs-and-lows-together/article_24186b88-7df8-5e29-8b06-5ac17d3d8aa0.html,Navigating highs and lows together,,2025-01-02T10:30:00-05:00,"South Queens weathered a transformative last six months of the year, marked by reflection, resilience, milestones and change.From heartfelt commemorations honoring those lost to fiery debates on policies shaping the future and complex political shifts, the community has remained at the center of pivotal moments."
