link,headline,author,date_published,snippet
https://ny1.comeducation/2025/11/12/at-staten-island-tech--a-co-location-and-a-coffee-shop-run-by-special-needs-students.html,"At Staten Island Tech, a co-location and a coffee shop run by special needs students",,"New York City |
                
                11/12/2025 03:11 PM","A partnership between a special education program and one of the city’s specialized high schools has students learning alongside one another.New York City |
                
                11/12/2025 03:11 PM"
https://ny1.com/nyc/all-boroughs/news/2020/02/22/shsat-efforts-to-help-students-of-color-pass-exam-dreamchasers-program-nyc.html,SHSAT efforts to help students of color pass exam DREAMchasers program NYC,,"New York City |
                
                02/21/2020 09:32 PM","Two attorneys discuss their program that aims to help students of color ace the SHSAT.New York City |
                
                02/21/2020 09:32 PM"
https://ny1.comnews/2019/10/30/nyc-schools-food-jails-workers-taste-test-samples-from-vendors.html,"But First a Taste: Inside an Agency Deciding What Food is Bought for NYC Schools, Jails",,"Manhattan |
                
                10/29/2019 09:04 PM","The city actually holds taste-testings for companies bidding for these food contracts.Manhattan |
                
                10/29/2019 09:04 PM"
https://ny1.com/nyc/all-boroughs/politics/2019/10/26/2019-nyc-elections-where-to-vote-polling-locations-schools-safety-disruption-concerns.html,2019 NYC Elections where to vote polling locations schools safety disruption concerns,,"New York City |
                
                10/26/2019 12:54 AM","Schools are usually closed on Election Days. That's not the case with nine days of early voting for the first time in New York.New York City |
                
                10/26/2019 12:54 AM"
https://ny1.com/nyc/all-boroughs/news/2019/10/18/education-equity-defends-shsat--looks-to-expand-test-prep.html,"Education Equity Defends SHSAT, looks to expand Test Prep",,"Manhattan |
                
                10/18/2019 02:08 PM","The group says it wants the city to expand gifted and talented programs in middle and grade schools, and offer free test prep for all students.Manhattan |
                
                10/18/2019 02:08 PM"
https://ny1.com/nyc/all-boroughs/news/2019/10/15/attorney-launches--dreamchasers--program-to-help-underrepresented-students-prepare-for-shsat.html,Attorney Launches 'DREAMChasers' Program to Help Underrepresented Students Prepare for SHSAT,,"Manhattan |
                
                10/14/2019 07:00 PM","At the Harlem YMCA, students are preparing for the test that determines entry to elite public schools like Bronx Science and Stuyvesant.Manhattan |
                
                10/14/2019 07:00 PM"
https://ny1.com/nyc/all-boroughs/news/2019/10/12/school-call-centers-new-york-city-department-of-education-tour.html,School call centers New York City Department of Education tour,,"Queens |
                
                10/11/2019 09:15 PM","If there are any bus problems, for example, this center takes the call.Queens |
                
                10/11/2019 09:15 PM"
https://ny1.com/nyc/all-boroughs/news/2019/10/10/bronx-plan-extra-pay-for-teachers-to-work-at-underserved-schools-nyc-one-year-later.html,Bronx Plan extra pay for teachers to work at underserved schools NYC one year later,,"The Bronx |
                
                10/09/2019 08:59 PM","The schools are in some of the city's poorest neighborhoods.The Bronx |
                
                10/09/2019 08:59 PM"
https://ny1.com/nyc/all-boroughs/news/2019/10/09/doe-chancellor-richard-carranza-says-city-likely-to-see-little-change-in-shsat-results.html,DOE Chancellor Richard Carranza Says City Likely to See Little Change in SHSAT Results,,"New York City |
                
                10/09/2019 06:44 AM","He expects to see the same 'unacceptable' results of this year's Specialized High School Admissions Test.New York City |
                
                10/09/2019 06:44 AM"
https://ny1.com/nyc/all-boroughs/inside-city-hall/2019/09/26/shsat-richard-carranza-schools-chancellor-discusses-future-of-the-exam.html,SHSAT Richard Carranza Schools Chancellor discusses future of the exam,,"New York City |
                
                09/25/2019 09:48 PM","The schools chancellor discusses the best way to desegregate public schools.New York City |
                
                09/25/2019 09:48 PM"
https://ny1.com/nyc/all-boroughs/politics/2019/09/26/shsat-bill-de-blasio-says-plan-to-scrap-specialized-high-school-exam-did-not-work.html,SHSAT Bill de Blasio says plan to scrap specialized high school exam did not work,,"Manhattan |
                
                09/25/2019 09:01 PM","""Our plan didn't work,"" the mayor said Wednesday about the city's push to end the SHSAT.Manhattan |
                
                09/25/2019 09:01 PM"
https://ny1.comnews/2019/09/20/nyc-mayor-bill-de-blasio-ends-2020-presidential-campaign-bid.html,Mayor Bill de Blasio Ends 2020 Presidential Campaign Bid,,"New York City |
                
                09/20/2019 10:54 PM","The mayor made the announcement in an appearance on MSNBC's ""Morning Joe.""New York City |
                
                09/20/2019 10:54 PM"
https://ny1.com/nyc/all-boroughs/news/2019/08/26/gifted-and-talented-programs-nyc-public-schools-panel-recommends-ending-them.html,gifted and talented programs NYC public schools panel recommends ending them,,"New York City |
                
                08/26/2019 05:57 PM","It's not clear when the mayor would make a final decision.New York City |
                
                08/26/2019 05:57 PM"
https://ny1.com/nyc/all-boroughs/news/2019/06/26/school-year-and-session-in-albany-end-without-any-legislation-on-shsat.html,School Year and Session in Albany End without Any Legislation on SHSAT,,"New York City |
                
                06/25/2019 08:09 PM","The school year and the legislative session in Albany are ending without any changes to the admissions process for the city's elite public schools.New York City |
                
                06/25/2019 08:09 PM"
https://ny1.com/nyc/all-boroughs/news/2019/06/14/bill-de-blasio-calls-for-president-trump-impeachment-.html,Bill de Blasio Calls for President Trump Impeachment,,"New York City |
                
                06/14/2019 10:56 PM","It's in response to Trump saying he would be willing to accept dirt on a political foe from foreign governments.New York City |
                
                06/14/2019 10:56 PM"
https://ny1.com/nyc/all-boroughs/news/2019/06/14/de-blasio-meets-with-asian-community-leaders-over-shsat-.html,De Blasio Meets with Asian Community Leaders Over SHSAT,,"New York City |
                
                06/13/2019 08:27 PM","With the legislative session near an end, de Blasio held a meeting with Asian-American leaders about his push to end the high-stakes admission test.New York City |
                
                06/13/2019 08:27 PM"
https://ny1.com/nyc/all-boroughs/news/2019/05/17/mayor-de-blasio-in-iowa-day-after-launching-presidential-bid.html,Mayor de Blasio in Iowa Day After Launching Presidential Bid,,"New York City |
                
                05/17/2019 06:57 PM","He visited the Hawkeye State on Friday to kick off a weekend of stumping with potential voters.New York City |
                
                05/17/2019 06:57 PM"
https://ny1.com/nyc/all-boroughs/news/2019/05/15/bill-de-blasio-presidential-run-2020-nyc-mayor-democrat.html,Bill de Blasio presidential run 2020 NYC mayor Democrat,,"New York City |
                
                05/16/2019 08:24 PM","He is now the first sitting mayor to run for president since John Lindsay in 1972.New York City |
                
                05/16/2019 08:24 PM"
https://ny1.com/nyc/all-boroughs/politics/2019/05/10/shsat-jumaane-williams-charles-barron-debate-if-exam-should-be-scrapped-if-it-is-hurting-black-students-admissions.html,SHSAT Jumaane Williams Charles Barron debate if exam should be scrapped if it is hurting black students admissions,,"Manhattan |
                
                05/10/2019 06:16 PM","The elected officials debated if the SHSAT is hurting black students' chances of being admitted to the city's elite public high schools.Manhattan |
                
                05/10/2019 06:16 PM"
https://ny1.com/nyc/all-boroughs/news/2019/04/12/shsat-reform-forum-in-queens-gets-heated.html,SHSAT Reform Forum in Queens Gets Heated,,"Queens |
                
                04/12/2019 06:35 AM","Parents spoke out about the SHSAT at a heated forum Thursday night in Kew Gardens and the contention poured into the streets.Queens |
                
                04/12/2019 06:35 AM"
https://ny1.com/nyc/all-boroughs/inside-city-hall/2019/03/23/kirsten-gillibrand-on-why-she-endorses-scrapping-the-shsat-why-she-is-skipping-aipac-conference.html,Kirsten Gillibrand on Why She Endorses Scrapping the SHSAT why she is skipping AIPAC Conference,,"New York City |
                
                03/22/2019 10:25 PM","The senator also weighs in on her presidential run, and her decision to skip the AIPAC conference.New York City |
                
                03/22/2019 10:25 PM"
https://ny1.com/nyc/all-boroughs/off-topic-on-politics/2019/03/22/off-topic-on-politics-should-the-shsat-determine-entrance-to-nyc-specialized-high-schools.html,Off Topic On Politics Should the SHSAT Determine Entrance to NYC Specialized High Schools,,"New York City |
                
                03/22/2019 04:00 AM","Advocates argue the test shouldn't be the only admission criteria.New York City |
                
                03/22/2019 04:00 AM"
https://ny1.comoff-topic-on-politics/2019/03/22/off-topic-on-politics-should-the-shsat-determine-entrance-to-nyc-specialized-high-schools.html,Should the SHSAT Determine Entrance to NYC's Elite High Schools?,,"New York City |
                
                03/22/2019 04:00 AM","Advocates argue the test shouldn't be the only admission criteria.New York City |
                
                03/22/2019 04:00 AM"
https://ny1.com/nyc/all-boroughs/off-topic-on-politics/2019/03/22/off-topic-on-politics-should-the-shsat-determine-entrance-to-nyc-specialized-high-schools.html,Off Topic On Politics Should the SHSAT Determine Entrance to NYC Specialized High Schools,,"New York City |
                
                03/22/2019 04:00 AM","Advocates argue the test shouldn't be the only admission criteria.New York City |
                
                03/22/2019 04:00 AM"
https://ny1.com/nyc/all-boroughs/inside-city-hall/2019/03/22/congresswoman-grace-meng-on-call-to-change-legal-voting-age-to-16-direction-of-national-democratic-party-debate-over-shsat.html,Congresswoman Grace Meng on call to change legal voting age to 16 direction of national Democratic Party debate over SHSAT,,"New York City |
                
                03/21/2019 07:26 PM","Here's why the vice chair of the Democratic National Committee says 16-year-olds deserve a vote.New York City |
                
                03/21/2019 07:26 PM"
https://ny1.com/nyc/all-boroughs/news/2019/03/21/shsat-debate-schools-chancellor-richard-carranza-reacts-to-few-offers-for-black-and-latino-students-nyc.html,SHSAT debate Schools Chancellor Richard Carranza Reacts to few offers for Black and Latino Students NYC,,"Manhattan |
                
                03/20/2019 09:55 PM","Only about 10 percent of black and Latino students received offer letters from the eight specialized high schools Monday.Manhattan |
                
                03/20/2019 09:55 PM"
https://ny1.com/nyc/all-boroughs/inside-city-hall/2019/03/20/shsat-elimination-push-experts-discuss.html,SHSAT elimination push experts discuss,,"New York City |
                
                03/19/2019 07:53 PM","Only about 10 percent of black and Latino students received offer letters from the eight specialized high schools Monday.New York City |
                
                03/19/2019 07:53 PM"
https://ny1.com/nyc/all-boroughs/inside-city-hall/2019/03/19/mondays-with-the-mayor-bill-de-blasio-reacts-to-shsat-results.html,Mondays with the Mayor Bill de Blasio reacts to SHSAT results,,"New York City |
                
                03/18/2019 08:46 PM","Only about 10 percent of black and Latino students received offer letters from the eight specialized high schools Monday.New York City |
                
                03/18/2019 08:46 PM"
https://ny1.com/nyc/all-boroughs/news/2019/03/18/students-receive-high-school-offer-letters-monday.html,Students Receive High School Offer Letters Monday,,"New York City |
                
                03/18/2019 07:56 PM","Freshmen at the city's eight specialized high schools will again be disproportionately white and Asian next year.New York City |
                
                03/18/2019 07:56 PM"
https://ny1.com/nyc/all-boroughs/politics/2019/02/09/heres-what-you-may-have-missed-in-ny-politics-this-week-amazon-reportedly-reconsidering-long-island-city-hq2-deal.html,Heres What You May Have Missed in NY Politics This week Amazon reportedly reconsidering Long Island City HQ2 deal,,"New York State |
                
                02/08/2019 10:41 PM","Plus, a breakdown of potential upcoming budget cuts for city agencies.New York State |
                
                02/08/2019 10:41 PM"
https://ny1.com/nyc/all-boroughs/news/2019/02/06/nyc-public-advocate-debate-.html,NYC Public Advocate Debate,,"New York City |
                
                02/06/2019 10:54 PM","Ten candidates out of the 17 who are running qualified to participate.New York City |
                
                02/06/2019 10:54 PM"
https://ny1.com/nyc/all-boroughs/news/2019/02/02/without-shsat-makeup-of-nyc-specialized-high-schools-would-be-very-different-nyc-independent-budget-office-report-says.html,Without SHSAT makeup of NYC specialized high schools would be very different NYC Independent Budget Office report says,,"New York City |
                
                02/01/2019 08:24 PM","A new report suggests the makeup of the city's elite public high schools would look very different if state lawmakers approved Mayor de Blasio's plan.New York City |
                
                02/01/2019 08:24 PM"
https://ny1.com/nyc/all-boroughs/news/2019/01/17/parents-accuse-de-blasio-of-placing-diversity-quota-ahead-of-merit-based-education.html,Parents Accuse de Blasio of Placing Diversity Quota Ahead of Merit Based Education,,"New York City |
                
                01/17/2019 07:32 AM","Some are outraged at the plan to eliminate the admissions test known as the SHSAT.New York City |
                
                01/17/2019 07:32 AM"
https://ny1.comeducation/2018/06/19/specialized-high-schools-admissions-test-shsat-study-guide.html,The SHSAT: A study guide,,"New York City |
                
                06/19/2018 09:25 AM","Learm more about the Specialized High Schools Admissions Test.New York City |
                
                06/19/2018 09:25 AM"
https://ny1.comin-focus-shows/2018/06/20/controversy-surrounding-the-shsat.html,Controversy surrounding the SHSAT,,"New York City |
                
                06/17/2018 10:00 AM","City Councilman Ritchie Torres and Dr. Ivan Khan discuss the SHSAT.New York City |
                
                06/17/2018 10:00 AM"
https://ny1.compolitics/2018/06/16/republican-running-for-governor-calls-for-city-to-keep-shsat.html,Republican running for governor calls for city to keep SHSAT,,"New York City |
                
                06/15/2018 08:52 PM","Mayor Bill de Blasio has proposed ending the test.New York City |
                
                06/15/2018 08:52 PM"
https://ny1.comnews/2018/06/14/parents-advocates-in-sunset-park-protest-richard-carranza-support-to-eliminate-shsat.html,Sunset Park protesters slam schools chancellor's support for plan to eliminate SHSAT,,"Brooklyn |
                
                06/13/2018 10:41 PM","Protesters in Sunset Park on Wednesday protested Schools Chancellor Richard Carranza for his support for a plan to eliminate SHSAT.Brooklyn |
                
                06/13/2018 10:41 PM"
https://ny1.comnews/2018/06/09/queens-lawmakers-and-officials-protest-mayor-s-proposed-changes-to-specialized-high-school-admissions-test.html,Queens residents and lawmakers protest proposed changes to SHSAT,,"New York City |
                
                06/09/2018 10:04 AM","Queens residents are protesting proposed changes to SHSAT by Mayor de BlasioNew York City |
                
                06/09/2018 10:04 AM"
https://ny1.comnews/2018/06/07/vote-to-scrap-shsat-will-not-happen-this-year.html,Assembly Speaker: SHSAT admissions vote will not happen this year,,"New York City |
                
                06/07/2018 11:14 AM","The decision means it will not be taken up until next year.New York City |
                
                06/07/2018 11:14 AM"
https://ny1.compolitics/2018/06/06/bill-to-scrap-shsat-passes-new-york-state-assembly-education-committee.html,Bill to scrap admissions test for NYC specialized high schools passes education committee,,"New York State |
                
                06/06/2018 10:06 PM","A bill to get rid of a test required for admission to the city's specialized high schools has passed the state Assembly's education committee.New York State |
                
                06/06/2018 10:06 PM"
https://ny1.cominside-city-hall/2018/06/07/experts-weigh-in-on-the-divisive-debate-over-shsat-overhaul-proposal.html,Experts weigh in on the divisive debate on the SHSAT overhaul proposal,,"New York City |
                
                06/06/2018 08:20 PM","Four experts weigh in on the divisive debate over the Specialized High School Admissions Test.New York City |
                
                06/06/2018 08:20 PM"
https://ny1.compolitics/2018/06/06/fate-of-bill-to-scrap-shsat-remains-uncertain-in-new-york-state-legislature.html,The fate of the bill to scrap SHSAT remains uncertain in the NYS legislature,,"New York State |
                
                06/05/2018 10:50 PM","A critical vote on the bill is scheduled in the education committee Wednesday.New York State |
                
                06/05/2018 10:50 PM"
https://ny1.cominside-city-hall/2018/06/06/alumni-nyc-specialized-schools-discuss-bill-de-blasio-plan-to-scrap-shsat.html,SHSAT overhaul plan: Hearing from the alumni of specialized high schools,,"New York City |
                
                06/05/2018 08:41 PM","Three alumni of the city's specialized high schools discuss the mayor's controversial plan to overhaul the Specialized High School Admissions Test.New York City |
                
                06/05/2018 08:41 PM"
https://ny1.comnews/2018/06/05/nyc-parents-alumni-asian-american-groups-slam-bill-de-blasio-push-to-scrap-shsat.html,"Parents, alumni slam proposal to change admissions for NYC specialized high schools",,"New York City |
                
                06/04/2018 07:40 PM","Some parents, alumni, and Asian-American groups are angrily reacting to a push to change admissions for the city's specialized high schools.New York City |
                
                06/04/2018 07:40 PM"
https://ny1.compolitics/2018/06/03/bill-de-blasio-announces-push-to-scrap-specialized-high-school-admissions-test.html,City proposes plans to change admissions at specialized high schools,,"New York City |
                
                06/03/2018 05:50 PM","Mayor de Blasio on Sunday announced plans to change admissions at the city's specialized high schools.New York City |
                
                06/03/2018 05:50 PM"
https://ny1.comnews/2018/06/02/nyc-mayor-bill-de-blasio-calls-for-an-end-to-specialized-high-school-admissions-test.html,De Blasio calls for an end to admissions test for the NYC specialized high schools,,"New York City |
                
                06/02/2018 05:28 PM","Mayor Bill de Blasio on Saturday called for an end to the test required for students to get into the city's specialized high schools.New York City |
                
                06/02/2018 05:28 PM"
https://ny1.comnews/2018/03/10/lawmakers-call-for-expanded-shsat-prep.html,Lawmakers call for expanded SHSAT prep,,"Queens |
                
                03/09/2018 06:59 PM","State Senator Toby Stavisky and City Councilman Peter Koo called on the City Department of Education to expand their search for gifted and talented students.Queens |
                
                03/09/2018 06:59 PM"
https://ny1.com/nyc/all-boroughs/education/2016/03/4/number-of-black--hispanic-students-offered-seats-at-city-s-specialized-high-schools-drops-again.html,"Number of Black, Hispanic Students Offered Seats at City's Specialized High Schools Drops Again",,"New York City |
                
                03/04/2016 05:18 PM","They're called the crown jewels of the city school system, but the specialized high schools are less diverse than ever.New York City |
                
                03/04/2016 05:18 PM"
https://ny1.com/nyc/all-boroughs/education/2015/03/6/latest-admission-rates-point-to-continued-lack-of-diversity-in-city-s-specialized-high-schools.html,Latest Admission Rates Point to Continued Lack of Diversity in City's Specialized High Schools,,"New York City |
                
                03/06/2015 10:41 PM","New admission rates point to a continued lack of diversity in the city's specialized high schools.New York City |
                
                03/06/2015 10:41 PM"
https://ny1.com/nyc/all-boroughs/call-blog/2015/03/6/the-call-blog--acceptance-rates-at-city-s-elite-high-schools-lacking-diversity.html,The Call Blog: Acceptance Rates at City's Elite High Schools Lacking Diversity,,"New York City |
                
                03/06/2015 09:03 PM","Viewers discuss City's admissions process for elite high schools.New York City |
                
                03/06/2015 09:03 PM"
https://ny1.com/nyc/all-boroughs/archives/2014/06/27/the-call-blog--reflections-on-the-school-year--new-chancellor--teacher-contract--pre-k-program.NYC_211293.html,"The Call Blog: Reflections On The School Year; New Chancellor, Teacher Contract, Pre-K Program",,06/27/2014 10:21 PM,Viewers discuss notable moments from this school year.06/27/2014 10:21 PM
https://ny1.com/nyc/all-boroughs/archives/2014/06/10/the-call-blog--should-lawmakers-change-specialized-high-school-admissions-process-.NYC_210122.html,The Call Blog: Should Lawmakers Change Specialized High School Admissions Process?,,06/10/2014 03:24 PM,Viewers discuss admissions into the eight elite public high schools in New York City.06/10/2014 03:24 PM
https://ny1.com/nyc/all-boroughs/archives/2014/03/11/the-call-blog--high-school-selections-announced--diversity-lacking-at-top-tier-schools.NYC_205089.html,The Call Blog: High School Selections Announced; Diversity Lacking At Top-Tier Schools,,03/11/2014 10:08 PM,Viewers discuss the selection process for high schools in New York City.03/11/2014 10:08 PM
https://ny1.com/nyc/all-boroughs/archives/2012/11/04/schools-update--90-percent-of-public-schools-to-open-monday.NYC_171756.html,Schools Update: 90 Percent Of Public Schools To Open Monday,,11/04/2012 07:53 PM,"Department of Education officials say approximately 90 percent of all New York City schools to be open Monday, with eight still expected to hold evacuees from Sandy. In addition, 57 schools will need to be relocated due to storm, and students in those schools will not have to report to their new locations until Wednesday. | View a list of relocated schools and a list of schools without power. | View a list of schools that are scheduled to be open Monday but may not have heat.11/04/2012 07:53 PM"
https://ny1.com/nyc/all-boroughs/archives/2012/11/02/eight-public-high-schools-expected-to-hold-classes--evacuees-on-monday.NYC_171618.html,"Eight Public High Schools Expected To Hold Classes, Evacuees On Monday",,11/02/2012 11:25 PM,"All city public and charter students are expected to return to class on Monday, but Schools Chancellor Dennis Walcott announced Thursday that eight of those schools are expected to also still house evacuees who left low-lying areas for Sandy. | See rescheduleding information for SAT exams, high schools entry tests and auditions.11/02/2012 11:25 PM"
https://ny1.com/nyc/all-boroughs/archives/2006/11/05/last-test-day-for-students-looking-to-get-into-citys-top-schools.NYC_64058.html,Last Test Day For Students Looking To Get Into City's Top Schools,,11/05/2006 07:48 AM,Sunday is the last test day for students hoping to get into one of the city's top high schools.11/05/2006 07:48 AM
